arquivo,classe,WMC,DIT,NOC,RFC,CBO,LCOM
clones/scikit-learn/scikit-learn\setup.py,CleanCommand,1,1,0,14,0,0
clones/scikit-learn/scikit-learn\setup.py,build_ext_subclass,2,1,0,9,0,0
clones/scikit-learn/scikit-learn\asv_benchmarks\benchmarks\cluster.py,KMeansBenchmark,4,1,0,11,1,6
clones/scikit-learn/scikit-learn\asv_benchmarks\benchmarks\cluster.py,MiniBatchKMeansBenchmark,4,1,0,11,1,6
clones/scikit-learn/scikit-learn\asv_benchmarks\benchmarks\common.py,Benchmark,1,1,0,1,0,0
clones/scikit-learn/scikit-learn\asv_benchmarks\benchmarks\common.py,Estimator,9,1,0,26,0,33
clones/scikit-learn/scikit-learn\asv_benchmarks\benchmarks\common.py,Predictor,4,1,0,9,0,6
clones/scikit-learn/scikit-learn\asv_benchmarks\benchmarks\common.py,Transformer,4,1,0,9,0,6
clones/scikit-learn/scikit-learn\asv_benchmarks\benchmarks\decomposition.py,PCABenchmark,4,1,0,9,1,6
clones/scikit-learn/scikit-learn\asv_benchmarks\benchmarks\decomposition.py,DictionaryLearningBenchmark,4,1,0,9,1,6
clones/scikit-learn/scikit-learn\asv_benchmarks\benchmarks\decomposition.py,MiniBatchDictionaryLearningBenchmark,4,1,0,9,1,6
clones/scikit-learn/scikit-learn\asv_benchmarks\benchmarks\ensemble.py,RandomForestClassifierBenchmark,4,1,0,10,1,6
clones/scikit-learn/scikit-learn\asv_benchmarks\benchmarks\ensemble.py,GradientBoostingClassifierBenchmark,4,1,0,10,1,6
clones/scikit-learn/scikit-learn\asv_benchmarks\benchmarks\ensemble.py,HistGradientBoostingClassifierBenchmark,4,1,0,9,1,6
clones/scikit-learn/scikit-learn\asv_benchmarks\benchmarks\linear_model.py,LogisticRegressionBenchmark,4,1,0,10,1,6
clones/scikit-learn/scikit-learn\asv_benchmarks\benchmarks\linear_model.py,RidgeBenchmark,5,1,0,11,1,10
clones/scikit-learn/scikit-learn\asv_benchmarks\benchmarks\linear_model.py,LinearRegressionBenchmark,4,1,0,10,1,6
clones/scikit-learn/scikit-learn\asv_benchmarks\benchmarks\linear_model.py,SGDRegressorBenchmark,4,1,0,10,1,6
clones/scikit-learn/scikit-learn\asv_benchmarks\benchmarks\linear_model.py,ElasticNetBenchmark,5,1,0,11,1,10
clones/scikit-learn/scikit-learn\asv_benchmarks\benchmarks\linear_model.py,LassoBenchmark,5,1,0,11,1,10
clones/scikit-learn/scikit-learn\asv_benchmarks\benchmarks\manifold.py,TSNEBenchmark,4,1,0,8,0,6
clones/scikit-learn/scikit-learn\asv_benchmarks\benchmarks\metrics.py,PairwiseDistancesBenchmark,3,1,0,5,0,3
clones/scikit-learn/scikit-learn\asv_benchmarks\benchmarks\model_selection.py,CrossValidationBenchmark,4,1,0,9,0,6
clones/scikit-learn/scikit-learn\asv_benchmarks\benchmarks\model_selection.py,GridSearchBenchmark,4,1,0,10,0,6
clones/scikit-learn/scikit-learn\asv_benchmarks\benchmarks\neighbors.py,KNeighborsClassifierBenchmark,4,1,0,9,0,6
clones/scikit-learn/scikit-learn\asv_benchmarks\benchmarks\svm.py,SVCBenchmark,4,1,0,9,0,6
clones/scikit-learn/scikit-learn\benchmarks\bench_plot_nmf.py,_PGNMF,6,1,0,22,0,5
clones/scikit-learn/scikit-learn\doc\conf.py,SubSectionTitleOrder,3,1,0,11,0,3
clones/scikit-learn/scikit-learn\doc\sphinxext\custom_references_resolver.py,CustomReferencesResolver,2,1,0,15,0,1
clones/scikit-learn/scikit-learn\doc\sphinxext\sphinx_issues.py,IssueRole,4,1,0,22,0,6
clones/scikit-learn/scikit-learn\doc\tutorial\machine_learning_map\parse_path.py,CaselessPreservingLiteral,2,1,0,5,0,1
clones/scikit-learn/scikit-learn\doc\tutorial\machine_learning_map\pyparsing.py,_Constants,0,1,0,0,0,0
clones/scikit-learn/scikit-learn\doc\tutorial\machine_learning_map\pyparsing.py,ParseBaseException,7,1,2,18,1,21
clones/scikit-learn/scikit-learn\doc\tutorial\machine_learning_map\pyparsing.py,ParseException,0,2,0,0,0,0
clones/scikit-learn/scikit-learn\doc\tutorial\machine_learning_map\pyparsing.py,ParseFatalException,0,2,1,0,0,0
clones/scikit-learn/scikit-learn\doc\tutorial\machine_learning_map\pyparsing.py,ParseSyntaxException,0,3,0,0,0,0
clones/scikit-learn/scikit-learn\doc\tutorial\machine_learning_map\pyparsing.py,RecursiveGrammarException,2,1,0,2,0,1
clones/scikit-learn/scikit-learn\doc\tutorial\machine_learning_map\pyparsing.py,_ParseResultsWithOffset,4,1,0,5,0,6
clones/scikit-learn/scikit-learn\doc\tutorial\machine_learning_map\pyparsing.py,ParseResults,42,1,0,95,2,690
clones/scikit-learn/scikit-learn\doc\tutorial\machine_learning_map\pyparsing.py,ParserElement,60,1,3,139,12,1617
clones/scikit-learn/scikit-learn\doc\tutorial\machine_learning_map\pyparsing.py,_UnboundedCache,1,1,0,6,2,0
clones/scikit-learn/scikit-learn\doc\tutorial\machine_learning_map\pyparsing.py,_FifoCache,2,1,0,13,4,1
clones/scikit-learn/scikit-learn\doc\tutorial\machine_learning_map\pyparsing.py,Token,1,2,11,3,1,0
clones/scikit-learn/scikit-learn\doc\tutorial\machine_learning_map\pyparsing.py,Empty,1,3,1,3,1,0
clones/scikit-learn/scikit-learn\doc\tutorial\machine_learning_map\pyparsing.py,NoMatch,2,3,0,5,1,1
clones/scikit-learn/scikit-learn\doc\tutorial\machine_learning_map\pyparsing.py,Literal,2,3,1,9,1,1
clones/scikit-learn/scikit-learn\doc\tutorial\machine_learning_map\pyparsing.py,Keyword,4,3,1,13,2,5
clones/scikit-learn/scikit-learn\doc\tutorial\machine_learning_map\pyparsing.py,CaselessLiteral,2,4,0,6,1,1
clones/scikit-learn/scikit-learn\doc\tutorial\machine_learning_map\pyparsing.py,CaselessKeyword,2,4,0,7,1,1
clones/scikit-learn/scikit-learn\doc\tutorial\machine_learning_map\pyparsing.py,CloseMatch,2,3,0,10,2,1
clones/scikit-learn/scikit-learn\doc\tutorial\machine_learning_map\pyparsing.py,Word,3,3,0,20,2,2
clones/scikit-learn/scikit-learn\doc\tutorial\machine_learning_map\pyparsing.py,Regex,3,3,0,19,2,2
clones/scikit-learn/scikit-learn\doc\tutorial\machine_learning_map\pyparsing.py,QuotedString,3,3,0,24,3,2
clones/scikit-learn/scikit-learn\doc\tutorial\machine_learning_map\pyparsing.py,CharsNotIn,3,3,0,11,2,2
clones/scikit-learn/scikit-learn\doc\tutorial\machine_learning_map\pyparsing.py,White,2,3,0,9,2,1
clones/scikit-learn/scikit-learn\doc\tutorial\machine_learning_map\pyparsing.py,_PositionToken,1,3,7,3,1,0
clones/scikit-learn/scikit-learn\doc\tutorial\machine_learning_map\pyparsing.py,GoToColumn,3,4,0,10,2,3
clones/scikit-learn/scikit-learn\doc\tutorial\machine_learning_map\pyparsing.py,LineStart,2,4,0,6,1,1
clones/scikit-learn/scikit-learn\doc\tutorial\machine_learning_map\pyparsing.py,LineEnd,2,4,0,8,2,1
clones/scikit-learn/scikit-learn\doc\tutorial\machine_learning_map\pyparsing.py,StringStart,2,4,0,6,2,1
clones/scikit-learn/scikit-learn\doc\tutorial\machine_learning_map\pyparsing.py,StringEnd,2,4,0,6,1,1
clones/scikit-learn/scikit-learn\doc\tutorial\machine_learning_map\pyparsing.py,WordStart,2,4,0,6,1,1
clones/scikit-learn/scikit-learn\doc\tutorial\machine_learning_map\pyparsing.py,WordEnd,2,4,0,7,1,1
clones/scikit-learn/scikit-learn\doc\tutorial\machine_learning_map\pyparsing.py,ParseExpression,10,2,4,28,10,9
clones/scikit-learn/scikit-learn\doc\tutorial\machine_learning_map\pyparsing.py,And,5,3,0,21,6,9
clones/scikit-learn/scikit-learn\doc\tutorial\machine_learning_map\pyparsing.py,_ErrorStop,1,4,0,4,2,0
clones/scikit-learn/scikit-learn\doc\tutorial\machine_learning_map\pyparsing.py,Or,5,3,0,20,4,9
clones/scikit-learn/scikit-learn\doc\tutorial\machine_learning_map\pyparsing.py,MatchFirst,5,3,0,18,3,9
clones/scikit-learn/scikit-learn\doc\tutorial\machine_learning_map\pyparsing.py,Each,4,3,0,23,5,5
clones/scikit-learn/scikit-learn\doc\tutorial\machine_learning_map\pyparsing.py,ParseElementEnhance,8,2,7,27,10,7
clones/scikit-learn/scikit-learn\doc\tutorial\machine_learning_map\pyparsing.py,FollowedBy,2,3,0,5,2,1
clones/scikit-learn/scikit-learn\doc\tutorial\machine_learning_map\pyparsing.py,NotAny,3,3,0,9,2,3
clones/scikit-learn/scikit-learn\doc\tutorial\machine_learning_map\pyparsing.py,_MultipleMatch,2,3,2,10,2,1
clones/scikit-learn/scikit-learn\doc\tutorial\machine_learning_map\pyparsing.py,OneOrMore,1,4,0,3,0,0
clones/scikit-learn/scikit-learn\doc\tutorial\machine_learning_map\pyparsing.py,ZeroOrMore,3,4,0,8,2,2
clones/scikit-learn/scikit-learn\doc\tutorial\machine_learning_map\pyparsing.py,_NullToken,2,1,0,2,0,1
clones/scikit-learn/scikit-learn\doc\tutorial\machine_learning_map\pyparsing.py,Optional,3,3,0,9,1,3
clones/scikit-learn/scikit-learn\doc\tutorial\machine_learning_map\pyparsing.py,SkipTo,2,3,0,13,1,1
clones/scikit-learn/scikit-learn\doc\tutorial\machine_learning_map\pyparsing.py,Forward,8,3,1,21,7,22
clones/scikit-learn/scikit-learn\doc\tutorial\machine_learning_map\pyparsing.py,_ForwardNoRecurse,1,4,0,1,0,0
clones/scikit-learn/scikit-learn\doc\tutorial\machine_learning_map\pyparsing.py,TokenConverter,1,3,4,3,1,0
clones/scikit-learn/scikit-learn\doc\tutorial\machine_learning_map\pyparsing.py,Combine,3,4,0,12,6,2
clones/scikit-learn/scikit-learn\doc\tutorial\machine_learning_map\pyparsing.py,Group,2,4,0,4,1,1
clones/scikit-learn/scikit-learn\doc\tutorial\machine_learning_map\pyparsing.py,Dict,2,4,0,12,3,1
clones/scikit-learn/scikit-learn\doc\tutorial\machine_learning_map\pyparsing.py,Suppress,2,4,0,2,0,1
clones/scikit-learn/scikit-learn\doc\tutorial\machine_learning_map\pyparsing.py,OnlyOnce,3,1,0,6,0,3
clones/scikit-learn/scikit-learn\doc\tutorial\machine_learning_map\pyparsing.py,pyparsing_common,3,1,0,8,1,3
clones/scikit-learn/scikit-learn\examples\applications\plot_out_of_core_classification.py,ReutersParser,16,1,0,24,0,119
clones/scikit-learn/scikit-learn\examples\applications\svm_gui.py,Model,5,1,0,9,1,10
clones/scikit-learn/scikit-learn\examples\applications\svm_gui.py,Controller,6,1,0,29,2,12
clones/scikit-learn/scikit-learn\examples\applications\svm_gui.py,View,8,1,0,41,1,13
clones/scikit-learn/scikit-learn\examples\applications\svm_gui.py,ControllBar,1,1,0,9,0,0
clones/scikit-learn/scikit-learn\examples\bicluster\plot_bicluster_newsgroups.py,NumberNormalizingVectorizer,1,1,0,6,0,0
clones/scikit-learn/scikit-learn\examples\calibration\plot_calibration_curve.py,NaivelyCalibratedLinearSVC,2,1,0,8,0,1
clones/scikit-learn/scikit-learn\examples\calibration\plot_compare_calibration.py,NaivelyCalibratedLinearSVC,2,1,0,8,0,1
clones/scikit-learn/scikit-learn\examples\cluster\plot_inductive_clustering.py,InductiveClusterer,4,1,0,12,0,3
clones/scikit-learn/scikit-learn\examples\gaussian_process\plot_gpr_on_structured_data.py,SequenceKernel,8,1,0,14,0,27
clones/scikit-learn/scikit-learn\examples\neighbors\approximate_nearest_neighbors.py,NMSlibTransformer,3,1,0,12,0,3
clones/scikit-learn/scikit-learn\examples\neighbors\approximate_nearest_neighbors.py,AnnoyTransformer,5,1,0,20,1,7
clones/scikit-learn/scikit-learn\examples\svm\plot_rbf_parameters.py,MidpointNormalize,2,1,0,5,0,1
clones/scikit-learn/scikit-learn\sklearn\base.py,BaseEstimator,14,1,0,68,1,55
clones/scikit-learn/scikit-learn\sklearn\base.py,ClassifierMixin,2,1,0,4,0,1
clones/scikit-learn/scikit-learn\sklearn\base.py,RegressorMixin,2,1,0,4,0,1
clones/scikit-learn/scikit-learn\sklearn\base.py,ClusterMixin,2,1,0,3,0,1
clones/scikit-learn/scikit-learn\sklearn\base.py,BiclusterMixin,4,1,0,9,0,6
clones/scikit-learn/scikit-learn\sklearn\base.py,TransformerMixin,1,1,0,3,0,0
clones/scikit-learn/scikit-learn\sklearn\base.py,_OneToOneFeatureMixin,1,1,0,2,0,0
clones/scikit-learn/scikit-learn\sklearn\base.py,_ClassNamePrefixFeaturesOutMixin,1,1,0,3,0,0
clones/scikit-learn/scikit-learn\sklearn\base.py,DensityMixin,1,1,0,1,0,0
clones/scikit-learn/scikit-learn\sklearn\base.py,OutlierMixin,1,1,0,3,0,0
clones/scikit-learn/scikit-learn\sklearn\base.py,MetaEstimatorMixin,0,1,0,0,0,0
clones/scikit-learn/scikit-learn\sklearn\base.py,MultiOutputMixin,1,1,0,1,0,0
clones/scikit-learn/scikit-learn\sklearn\base.py,_UnstableArchMixin,1,1,0,3,0,0
clones/scikit-learn/scikit-learn\sklearn\calibration.py,CalibratedClassifierCV,5,1,0,36,2,7
clones/scikit-learn/scikit-learn\sklearn\calibration.py,_CalibratedClassifier,2,1,0,15,2,1
clones/scikit-learn/scikit-learn\sklearn\calibration.py,_SigmoidCalibration,2,1,0,6,0,1
clones/scikit-learn/scikit-learn\sklearn\calibration.py,CalibrationDisplay,4,1,0,18,0,5
clones/scikit-learn/scikit-learn\sklearn\discriminant_analysis.py,LinearDiscriminantAnalysis,9,1,0,53,2,21
clones/scikit-learn/scikit-learn\sklearn\discriminant_analysis.py,QuadraticDiscriminantAnalysis,7,1,0,32,1,11
clones/scikit-learn/scikit-learn\sklearn\dummy.py,DummyClassifier,8,1,0,44,1,22
clones/scikit-learn/scikit-learn\sklearn\dummy.py,DummyRegressor,6,1,0,28,1,14
clones/scikit-learn/scikit-learn\sklearn\exceptions.py,NotFittedError,0,1,0,0,0,0
clones/scikit-learn/scikit-learn\sklearn\exceptions.py,ChangedBehaviorWarning,0,1,0,0,0,0
clones/scikit-learn/scikit-learn\sklearn\exceptions.py,ConvergenceWarning,0,1,0,0,0,0
clones/scikit-learn/scikit-learn\sklearn\exceptions.py,DataConversionWarning,0,1,0,0,0,0
clones/scikit-learn/scikit-learn\sklearn\exceptions.py,DataDimensionalityWarning,0,1,0,0,0,0
clones/scikit-learn/scikit-learn\sklearn\exceptions.py,EfficiencyWarning,0,1,1,0,0,0
clones/scikit-learn/scikit-learn\sklearn\exceptions.py,FitFailedWarning,0,1,0,0,0,0
clones/scikit-learn/scikit-learn\sklearn\exceptions.py,NonBLASDotWarning,0,2,0,0,0,0
clones/scikit-learn/scikit-learn\sklearn\exceptions.py,SkipTestWarning,0,1,0,0,0,0
clones/scikit-learn/scikit-learn\sklearn\exceptions.py,UndefinedMetricWarning,0,1,0,0,0,0
clones/scikit-learn/scikit-learn\sklearn\exceptions.py,PositiveSpectrumWarning,0,1,0,0,0,0
clones/scikit-learn/scikit-learn\sklearn\isotonic.py,IsotonicRegression,10,1,0,41,0,30
clones/scikit-learn/scikit-learn\sklearn\kernel_approximation.py,PolynomialCountSketch,3,1,0,21,0,3
clones/scikit-learn/scikit-learn\sklearn\kernel_approximation.py,RBFSampler,3,1,0,11,0,3
clones/scikit-learn/scikit-learn\sklearn\kernel_approximation.py,SkewedChi2Sampler,3,1,0,14,0,3
clones/scikit-learn/scikit-learn\sklearn\kernel_approximation.py,AdditiveChi2Sampler,6,1,0,23,0,15
clones/scikit-learn/scikit-learn\sklearn\kernel_approximation.py,Nystroem,5,1,0,20,0,9
clones/scikit-learn/scikit-learn\sklearn\kernel_ridge.py,KernelRidge,6,1,0,20,0,14
clones/scikit-learn/scikit-learn\sklearn\multiclass.py,_ConstantPredictor,4,1,0,10,0,6
clones/scikit-learn/scikit-learn\sklearn\multiclass.py,OneVsRestClassifier,12,1,0,60,3,56
clones/scikit-learn/scikit-learn\sklearn\multiclass.py,OneVsOneClassifier,8,1,0,38,2,18
clones/scikit-learn/scikit-learn\sklearn\multiclass.py,OutputCodeClassifier,3,1,0,23,0,2
clones/scikit-learn/scikit-learn\sklearn\multioutput.py,_MultiOutputEstimator,5,1,2,18,0,10
clones/scikit-learn/scikit-learn\sklearn\multioutput.py,MultiOutputRegressor,2,2,0,6,2,0
clones/scikit-learn/scikit-learn\sklearn\multioutput.py,MultiOutputClassifier,6,2,0,20,4,12
clones/scikit-learn/scikit-learn\sklearn\multioutput.py,_BaseChain,3,1,2,27,2,2
clones/scikit-learn/scikit-learn\sklearn\multioutput.py,ClassifierChain,4,2,0,18,3,3
clones/scikit-learn/scikit-learn\sklearn\multioutput.py,RegressorChain,2,2,0,4,1,1
clones/scikit-learn/scikit-learn\sklearn\naive_bayes.py,_BaseNB,5,1,2,13,2,4
clones/scikit-learn/scikit-learn\sklearn\naive_bayes.py,GaussianNB,8,2,0,35,0,22
clones/scikit-learn/scikit-learn\sklearn\naive_bayes.py,_BaseDiscreteNB,11,2,4,41,4,34
clones/scikit-learn/scikit-learn\sklearn\naive_bayes.py,MultinomialNB,5,3,0,10,0,10
clones/scikit-learn/scikit-learn\sklearn\naive_bayes.py,ComplementNB,5,3,0,10,0,10
clones/scikit-learn/scikit-learn\sklearn\naive_bayes.py,BernoulliNB,6,3,0,16,2,14
clones/scikit-learn/scikit-learn\sklearn\naive_bayes.py,CategoricalNB,11,3,0,35,2,49
clones/scikit-learn/scikit-learn\sklearn\pipeline.py,Pipeline,34,1,0,87,6,371
clones/scikit-learn/scikit-learn\sklearn\pipeline.py,FeatureUnion,17,1,0,55,3,70
clones/scikit-learn/scikit-learn\sklearn\random_projection.py,BaseRandomProjection,5,1,2,12,1,9
clones/scikit-learn/scikit-learn\sklearn\random_projection.py,GaussianRandomProjection,2,2,0,6,1,1
clones/scikit-learn/scikit-learn\sklearn\random_projection.py,SparseRandomProjection,2,2,0,7,1,1
clones/scikit-learn/scikit-learn\sklearn\cluster\_affinity_propagation.py,AffinityPropagation,6,1,0,22,0,12
clones/scikit-learn/scikit-learn\sklearn\cluster\_agglomerative.py,AgglomerativeClustering,4,1,1,24,1,3
clones/scikit-learn/scikit-learn\sklearn\cluster\_agglomerative.py,FeatureAgglomeration,3,2,0,7,2,2
clones/scikit-learn/scikit-learn\sklearn\cluster\_bicluster.py,BaseSpectral,6,1,2,23,2,12
clones/scikit-learn/scikit-learn\sklearn\cluster\_bicluster.py,SpectralCoclustering,2,2,0,12,3,1
clones/scikit-learn/scikit-learn\sklearn\cluster\_bicluster.py,SpectralBiclustering,5,2,0,25,4,0
clones/scikit-learn/scikit-learn\sklearn\cluster\_birch.py,_CFNode,4,1,0,16,2,3
clones/scikit-learn/scikit-learn\sklearn\cluster\_birch.py,_CFSubcluster,4,1,0,7,0,6
clones/scikit-learn/scikit-learn\sklearn\cluster\_birch.py,Birch,12,1,0,43,2,45
clones/scikit-learn/scikit-learn\sklearn\cluster\_dbscan.py,DBSCAN,3,1,0,23,0,3
clones/scikit-learn/scikit-learn\sklearn\cluster\_feature_agglomeration.py,AgglomerationTransform,2,1,0,10,0,1
clones/scikit-learn/scikit-learn\sklearn\cluster\_kmeans.py,KMeans,14,1,1,54,2,63
clones/scikit-learn/scikit-learn\sklearn\cluster\_kmeans.py,MiniBatchKMeans,11,2,0,45,6,45
clones/scikit-learn/scikit-learn\sklearn\cluster\_mean_shift.py,MeanShift,3,1,0,27,0,3
clones/scikit-learn/scikit-learn\sklearn\cluster\_optics.py,OPTICS,2,1,0,9,0,1
clones/scikit-learn/scikit-learn\sklearn\cluster\_spectral.py,SpectralClustering,5,1,0,17,0,9
clones/scikit-learn/scikit-learn\sklearn\cluster\tests\test_bicluster.py,MockBiclustering,2,1,0,3,0,1
clones/scikit-learn/scikit-learn\sklearn\compose\_column_transformer.py,ColumnTransformer,23,1,0,101,0,63
clones/scikit-learn/scikit-learn\sklearn\compose\_column_transformer.py,make_column_selector,2,1,0,7,0,1
clones/scikit-learn/scikit-learn\sklearn\compose\_target.py,TransformedTargetRegressor,6,1,0,28,0,12
clones/scikit-learn/scikit-learn\sklearn\compose\tests\test_column_transformer.py,Trans,2,1,1,5,0,1
clones/scikit-learn/scikit-learn\sklearn\compose\tests\test_column_transformer.py,DoubleTrans,2,1,0,2,0,1
clones/scikit-learn/scikit-learn\sklearn\compose\tests\test_column_transformer.py,SparseMatrixTrans,2,1,0,5,0,1
clones/scikit-learn/scikit-learn\sklearn\compose\tests\test_column_transformer.py,TransNo2D,2,1,0,2,0,1
clones/scikit-learn/scikit-learn\sklearn\compose\tests\test_column_transformer.py,TransRaise,2,1,0,3,0,1
clones/scikit-learn/scikit-learn\sklearn\compose\tests\test_column_transformer.py,TransWithNames,2,2,0,3,0,1
clones/scikit-learn/scikit-learn\sklearn\compose\tests\test_target.py,DummyCheckerArrayTransformer,3,1,0,4,0,3
clones/scikit-learn/scikit-learn\sklearn\compose\tests\test_target.py,DummyCheckerListRegressor,2,1,0,6,2,0
clones/scikit-learn/scikit-learn\sklearn\compose\tests\test_target.py,DummyTransformer,4,1,0,4,0,6
clones/scikit-learn/scikit-learn\sklearn\compose\tests\test_target.py,DummyRegressorWithExtraFitParams,1,1,0,3,1,0
clones/scikit-learn/scikit-learn\sklearn\compose\tests\test_target.py,DummyRegressorWithExtraPredictParams,1,1,0,3,1,0
clones/scikit-learn/scikit-learn\sklearn\covariance\_elliptic_envelope.py,EllipticEnvelope,6,1,0,18,0,0
clones/scikit-learn/scikit-learn\sklearn\covariance\_empirical_covariance.py,EmpiricalCovariance,7,1,0,26,0,20
clones/scikit-learn/scikit-learn\sklearn\covariance\_graph_lasso.py,_DictWithDeprecatedKeys,3,1,0,7,1,2
clones/scikit-learn/scikit-learn\sklearn\covariance\_graph_lasso.py,GraphicalLasso,2,1,1,9,1,1
clones/scikit-learn/scikit-learn\sklearn\covariance\_graph_lasso.py,GraphicalLassoCV,4,2,0,48,2,6
clones/scikit-learn/scikit-learn\sklearn\covariance\_robust_covariance.py,MinCovDet,4,1,0,25,0,5
clones/scikit-learn/scikit-learn\sklearn\covariance\_shrunk_covariance.py,ShrunkCovariance,2,1,0,10,1,1
clones/scikit-learn/scikit-learn\sklearn\covariance\_shrunk_covariance.py,LedoitWolf,2,1,0,10,1,1
clones/scikit-learn/scikit-learn\sklearn\covariance\_shrunk_covariance.py,OAS,1,1,0,6,0,0
clones/scikit-learn/scikit-learn\sklearn\cross_decomposition\_pls.py,_PLS,14,1,3,41,2,90
clones/scikit-learn/scikit-learn\sklearn\cross_decomposition\_pls.py,PLSRegression,1,2,0,3,1,0
clones/scikit-learn/scikit-learn\sklearn\cross_decomposition\_pls.py,PLSCanonical,1,2,0,3,1,0
clones/scikit-learn/scikit-learn\sklearn\cross_decomposition\_pls.py,CCA,1,2,0,3,1,0
clones/scikit-learn/scikit-learn\sklearn\cross_decomposition\_pls.py,PLSSVD,10,1,0,24,2,44
clones/scikit-learn/scikit-learn\sklearn\datasets\_openml.py,OpenMLError,0,1,0,0,0,0
clones/scikit-learn/scikit-learn\sklearn\datasets\tests\test_openml.py,_MockHTTPResponse,7,1,0,10,0,20
clones/scikit-learn/scikit-learn\sklearn\decomposition\_base.py,_BasePCA,6,1,0,15,0,14
clones/scikit-learn/scikit-learn\sklearn\decomposition\_dict_learning.py,_BaseSparseCoding,3,1,3,12,0,2
clones/scikit-learn/scikit-learn\sklearn\decomposition\_dict_learning.py,SparseCoder,7,2,0,10,2,20
clones/scikit-learn/scikit-learn\sklearn\decomposition\_dict_learning.py,DictionaryLearning,3,2,0,8,1,3
clones/scikit-learn/scikit-learn\sklearn\decomposition\_dict_learning.py,MiniBatchDictionaryLearning,4,2,0,12,1,6
clones/scikit-learn/scikit-learn\sklearn\decomposition\_factor_analysis.py,FactorAnalysis,9,1,0,39,0,21
clones/scikit-learn/scikit-learn\sklearn\decomposition\_fastica.py,FastICA,7,1,0,35,0,18
clones/scikit-learn/scikit-learn\sklearn\decomposition\_incremental_pca.py,IncrementalPCA,4,1,0,25,0,3
clones/scikit-learn/scikit-learn\sklearn\decomposition\_kernel_pca.py,KernelPCA,13,1,0,42,0,57
clones/scikit-learn/scikit-learn\sklearn\decomposition\_lda.py,LatentDirichletAllocation,16,1,0,55,0,65
clones/scikit-learn/scikit-learn\sklearn\decomposition\_nmf.py,NMF,11,1,0,38,0,34
clones/scikit-learn/scikit-learn\sklearn\decomposition\_pca.py,PCA,9,1,0,42,0,21
clones/scikit-learn/scikit-learn\sklearn\decomposition\_sparse_pca.py,SparsePCA,4,1,1,12,0,6
clones/scikit-learn/scikit-learn\sklearn\decomposition\_sparse_pca.py,MiniBatchSparsePCA,2,2,0,10,1,1
clones/scikit-learn/scikit-learn\sklearn\decomposition\_truncated_svd.py,TruncatedSVD,7,1,0,24,0,18
clones/scikit-learn/scikit-learn\sklearn\ensemble\_bagging.py,BaseBagging,9,1,2,38,4,15
clones/scikit-learn/scikit-learn\sklearn\ensemble\_bagging.py,BaggingClassifier,8,2,0,38,4,22
clones/scikit-learn/scikit-learn\sklearn\ensemble\_bagging.py,BaggingRegressor,4,2,0,22,3,3
clones/scikit-learn/scikit-learn\sklearn\ensemble\_base.py,BaseEnsemble,6,1,0,18,1,15
clones/scikit-learn/scikit-learn\sklearn\ensemble\_base.py,_BaseHeterogeneousEnsemble,5,1,0,18,0,9
clones/scikit-learn/scikit-learn\sklearn\ensemble\_forest.py,BaseForest,10,1,3,54,4,35
clones/scikit-learn/scikit-learn\sklearn\ensemble\_forest.py,ForestClassifier,8,2,2,40,3,25
clones/scikit-learn/scikit-learn\sklearn\ensemble\_forest.py,ForestRegressor,6,2,2,24,4,14
clones/scikit-learn/scikit-learn\sklearn\ensemble\_forest.py,RandomForestClassifier,1,3,0,4,1,0
clones/scikit-learn/scikit-learn\sklearn\ensemble\_forest.py,RandomForestRegressor,1,3,0,4,1,0
clones/scikit-learn/scikit-learn\sklearn\ensemble\_forest.py,ExtraTreesClassifier,1,3,0,4,1,0
clones/scikit-learn/scikit-learn\sklearn\ensemble\_forest.py,ExtraTreesRegressor,1,3,0,4,1,0
clones/scikit-learn/scikit-learn\sklearn\ensemble\_forest.py,RandomTreesEmbedding,5,2,0,18,3,4
clones/scikit-learn/scikit-learn\sklearn\ensemble\_gb.py,VerboseReporter,3,1,0,11,0,3
clones/scikit-learn/scikit-learn\sklearn\ensemble\_gb.py,BaseGradientBoosting,20,1,2,95,5,85
clones/scikit-learn/scikit-learn\sklearn\ensemble\_gb.py,GradientBoostingClassifier,10,2,0,30,3,39
clones/scikit-learn/scikit-learn\sklearn\ensemble\_gb.py,GradientBoostingRegressor,7,2,0,21,4,18
clones/scikit-learn/scikit-learn\sklearn\ensemble\_gb_losses.py,LossFunction,7,1,2,13,1,21
clones/scikit-learn/scikit-learn\sklearn\ensemble\_gb_losses.py,RegressionLossFunction,3,2,4,10,1,3
clones/scikit-learn/scikit-learn\sklearn\ensemble\_gb_losses.py,LeastSquaresError,5,3,0,10,0,10
clones/scikit-learn/scikit-learn\sklearn\ensemble\_gb_losses.py,LeastAbsoluteError,4,3,0,12,0,6
clones/scikit-learn/scikit-learn\sklearn\ensemble\_gb_losses.py,HuberLossFunction,5,3,0,19,1,10
clones/scikit-learn/scikit-learn\sklearn\ensemble\_gb_losses.py,QuantileLossFunction,5,3,0,13,1,10
clones/scikit-learn/scikit-learn\sklearn\ensemble\_gb_losses.py,ClassificationLossFunction,3,2,3,5,0,3
clones/scikit-learn/scikit-learn\sklearn\ensemble\_gb_losses.py,BinomialDeviance,8,3,0,30,2,27
clones/scikit-learn/scikit-learn\sklearn\ensemble\_gb_losses.py,MultinomialDeviance,8,3,0,30,2,27
clones/scikit-learn/scikit-learn\sklearn\ensemble\_gb_losses.py,ExponentialLoss,8,3,0,28,1,28
clones/scikit-learn/scikit-learn\sklearn\ensemble\_iforest.py,IsolationForest,10,1,0,48,0,24
clones/scikit-learn/scikit-learn\sklearn\ensemble\_stacking.py,_BaseStacking,9,1,2,41,4,26
clones/scikit-learn/scikit-learn\sklearn\ensemble\_stacking.py,StackingClassifier,8,2,0,27,7,7
clones/scikit-learn/scikit-learn\sklearn\ensemble\_stacking.py,StackingRegressor,5,2,0,16,5,4
clones/scikit-learn/scikit-learn\sklearn\ensemble\_voting.py,_BaseVoting,8,1,2,29,1,25
clones/scikit-learn/scikit-learn\sklearn\ensemble\_voting.py,VotingClassifier,7,2,0,31,4,6
clones/scikit-learn/scikit-learn\sklearn\ensemble\_voting.py,VotingRegressor,4,2,0,11,3,3
clones/scikit-learn/scikit-learn\sklearn\ensemble\_weight_boosting.py,BaseWeightBoosting,6,1,2,30,4,12
clones/scikit-learn/scikit-learn\sklearn\ensemble\_weight_boosting.py,AdaBoostClassifier,14,2,0,55,5,36
clones/scikit-learn/scikit-learn\sklearn\ensemble\_weight_boosting.py,AdaBoostRegressor,7,2,0,35,5,11
clones/scikit-learn/scikit-learn\sklearn\ensemble\tests\test_bagging.py,DummySizeEstimator,1,1,0,2,0,0
clones/scikit-learn/scikit-learn\sklearn\ensemble\tests\test_bagging.py,DummyZeroEstimator,2,1,0,4,0,1
clones/scikit-learn/scikit-learn\sklearn\ensemble\tests\test_forest.py,MyBackend,2,1,0,5,0,0
clones/scikit-learn/scikit-learn\sklearn\ensemble\tests\test_stacking.py,NoWeightRegressor,2,1,0,5,1,1
clones/scikit-learn/scikit-learn\sklearn\ensemble\tests\test_stacking.py,NoWeightClassifier,1,1,0,3,1,0
clones/scikit-learn/scikit-learn\sklearn\ensemble\_hist_gradient_boosting\binning.py,_BinMapper,4,1,0,25,0,6
clones/scikit-learn/scikit-learn\sklearn\ensemble\_hist_gradient_boosting\gradient_boosting.py,BaseHistGradientBoosting,20,1,2,94,3,85
clones/scikit-learn/scikit-learn\sklearn\ensemble\_hist_gradient_boosting\gradient_boosting.py,HistGradientBoostingRegressor,5,2,0,17,3,9
clones/scikit-learn/scikit-learn\sklearn\ensemble\_hist_gradient_boosting\gradient_boosting.py,HistGradientBoostingClassifier,9,2,0,23,3,26
clones/scikit-learn/scikit-learn\sklearn\ensemble\_hist_gradient_boosting\grower.py,TreeNode,3,1,0,5,0,3
clones/scikit-learn/scikit-learn\sklearn\ensemble\_hist_gradient_boosting\grower.py,TreeGrower,10,1,0,45,1,24
clones/scikit-learn/scikit-learn\sklearn\ensemble\_hist_gradient_boosting\loss.py,BaseLoss,6,1,5,11,1,15
clones/scikit-learn/scikit-learn\sklearn\ensemble\_hist_gradient_boosting\loss.py,LeastSquares,5,2,0,12,1,10
clones/scikit-learn/scikit-learn\sklearn\ensemble\_hist_gradient_boosting\loss.py,LeastAbsoluteDeviation,6,2,0,14,1,15
clones/scikit-learn/scikit-learn\sklearn\ensemble\_hist_gradient_boosting\loss.py,Poisson,4,2,0,14,1,6
clones/scikit-learn/scikit-learn\sklearn\ensemble\_hist_gradient_boosting\loss.py,BinaryCrossEntropy,5,2,0,17,1,10
clones/scikit-learn/scikit-learn\sklearn\ensemble\_hist_gradient_boosting\loss.py,CategoricalCrossEntropy,5,2,0,18,1,10
clones/scikit-learn/scikit-learn\sklearn\ensemble\_hist_gradient_boosting\predictor.py,TreePredictor,6,1,0,13,0,14
clones/scikit-learn/scikit-learn\sklearn\externals\_arff.py,ArffContainerType,0,1,0,0,0,0
clones/scikit-learn/scikit-learn\sklearn\externals\_arff.py,ArffException,2,1,11,2,0,1
clones/scikit-learn/scikit-learn\sklearn\externals\_arff.py,BadRelationFormat,0,2,0,0,0,0
clones/scikit-learn/scikit-learn\sklearn\externals\_arff.py,BadAttributeFormat,0,2,0,0,0,0
clones/scikit-learn/scikit-learn\sklearn\externals\_arff.py,BadDataFormat,1,2,0,3,1,0
clones/scikit-learn/scikit-learn\sklearn\externals\_arff.py,BadAttributeType,0,2,0,0,0,0
clones/scikit-learn/scikit-learn\sklearn\externals\_arff.py,BadAttributeName,1,2,0,3,1,0
clones/scikit-learn/scikit-learn\sklearn\externals\_arff.py,BadNominalValue,1,2,0,3,1,0
clones/scikit-learn/scikit-learn\sklearn\externals\_arff.py,BadNominalFormatting,1,2,0,3,1,0
clones/scikit-learn/scikit-learn\sklearn\externals\_arff.py,BadNumericalValue,0,2,0,0,0,0
clones/scikit-learn/scikit-learn\sklearn\externals\_arff.py,BadStringValue,0,2,0,0,0,0
clones/scikit-learn/scikit-learn\sklearn\externals\_arff.py,BadLayout,1,2,0,4,1,0
clones/scikit-learn/scikit-learn\sklearn\externals\_arff.py,BadObject,2,2,0,2,0,1
clones/scikit-learn/scikit-learn\sklearn\externals\_arff.py,EncodedNominalConversor,2,1,0,4,0,1
clones/scikit-learn/scikit-learn\sklearn\externals\_arff.py,NominalConversor,2,1,0,5,0,1
clones/scikit-learn/scikit-learn\sklearn\externals\_arff.py,DenseGeneratorData,3,1,1,18,0,3
clones/scikit-learn/scikit-learn\sklearn\externals\_arff.py,_DataListMixin,1,1,2,4,1,0
clones/scikit-learn/scikit-learn\sklearn\externals\_arff.py,Data,0,2,0,0,0,0
clones/scikit-learn/scikit-learn\sklearn\externals\_arff.py,COOData,2,1,0,21,0,1
clones/scikit-learn/scikit-learn\sklearn\externals\_arff.py,LODGeneratorData,2,1,1,16,0,1
clones/scikit-learn/scikit-learn\sklearn\externals\_arff.py,LODData,0,2,0,0,0,0
clones/scikit-learn/scikit-learn\sklearn\externals\_arff.py,ArffDecoder,6,1,0,36,1,5
clones/scikit-learn/scikit-learn\sklearn\externals\_arff.py,ArffEncoder,5,1,0,21,1,0
clones/scikit-learn/scikit-learn\sklearn\externals\_packaging\version.py,InvalidVersion,0,1,0,0,0,0
clones/scikit-learn/scikit-learn\sklearn\externals\_packaging\version.py,_BaseVersion,7,1,2,9,0,21
clones/scikit-learn/scikit-learn\sklearn\externals\_packaging\version.py,LegacyVersion,14,2,0,17,0,91
clones/scikit-learn/scikit-learn\sklearn\externals\_packaging\version.py,Version,17,2,0,31,0,136
clones/scikit-learn/scikit-learn\sklearn\externals\_packaging\_structures.py,InfinityType,9,1,0,12,0,36
clones/scikit-learn/scikit-learn\sklearn\externals\_packaging\_structures.py,NegativeInfinityType,9,1,0,12,0,36
clones/scikit-learn/scikit-learn\sklearn\feature_extraction\image.py,PatchExtractor,4,1,0,10,0,6
clones/scikit-learn/scikit-learn\sklearn\feature_extraction\text.py,_VectorizerMixin,13,1,2,51,0,63
clones/scikit-learn/scikit-learn\sklearn\feature_extraction\text.py,HashingVectorizer,7,2,0,19,5,18
clones/scikit-learn/scikit-learn\sklearn\feature_extraction\text.py,CountVectorizer,12,2,1,68,6,45
clones/scikit-learn/scikit-learn\sklearn\feature_extraction\text.py,TfidfTransformer,6,1,0,21,0,15
clones/scikit-learn/scikit-learn\sklearn\feature_extraction\text.py,TfidfVectorizer,16,3,0,31,6,110
clones/scikit-learn/scikit-learn\sklearn\feature_extraction\_dict_vectorizer.py,DictVectorizer,11,1,0,42,0,52
clones/scikit-learn/scikit-learn\sklearn\feature_extraction\_hash.py,FeatureHasher,5,1,0,16,0,9
clones/scikit-learn/scikit-learn\sklearn\feature_selection\_base.py,SelectorMixin,6,1,0,31,0,5
clones/scikit-learn/scikit-learn\sklearn\feature_selection\_from_model.py,SelectFromModel,7,1,0,25,0,20
clones/scikit-learn/scikit-learn\sklearn\feature_selection\_rfe.py,RFE,12,1,1,42,1,45
clones/scikit-learn/scikit-learn\sklearn\feature_selection\_rfe.py,RFECV,3,2,0,31,1,3
clones/scikit-learn/scikit-learn\sklearn\feature_selection\_sequential.py,SequentialFeatureSelector,5,1,0,22,0,9
clones/scikit-learn/scikit-learn\sklearn\feature_selection\_univariate_selection.py,_BaseFilter,4,1,6,12,1,6
clones/scikit-learn/scikit-learn\sklearn\feature_selection\_univariate_selection.py,SelectPercentile,3,2,0,15,1,3
clones/scikit-learn/scikit-learn\sklearn\feature_selection\_univariate_selection.py,SelectKBest,3,2,0,11,1,3
clones/scikit-learn/scikit-learn\sklearn\feature_selection\_univariate_selection.py,SelectFpr,2,2,0,5,1,1
clones/scikit-learn/scikit-learn\sklearn\feature_selection\_univariate_selection.py,SelectFdr,2,2,0,11,1,1
clones/scikit-learn/scikit-learn\sklearn\feature_selection\_univariate_selection.py,SelectFwe,2,2,0,6,1,1
clones/scikit-learn/scikit-learn\sklearn\feature_selection\_univariate_selection.py,GenericUnivariateSelect,4,2,0,16,3,0
clones/scikit-learn/scikit-learn\sklearn\feature_selection\_variance_threshold.py,VarianceThreshold,4,1,0,17,0,6
clones/scikit-learn/scikit-learn\sklearn\feature_selection\tests\test_base.py,StepSelector,3,1,0,5,0,3
clones/scikit-learn/scikit-learn\sklearn\feature_selection\tests\test_from_model.py,NaNTag,1,1,0,1,0,0
clones/scikit-learn/scikit-learn\sklearn\feature_selection\tests\test_from_model.py,NoNaNTag,1,1,0,1,0,0
clones/scikit-learn/scikit-learn\sklearn\feature_selection\tests\test_from_model.py,NaNTagRandomForest,1,1,0,1,0,0
clones/scikit-learn/scikit-learn\sklearn\feature_selection\tests\test_from_model.py,FixedImportanceEstimator,2,1,0,3,0,1
clones/scikit-learn/scikit-learn\sklearn\feature_selection\tests\test_rfe.py,MockClassifier,7,1,0,9,0,21
clones/scikit-learn/scikit-learn\sklearn\gaussian_process\kernels.py,Hyperparameter,2,1,0,9,0,1
clones/scikit-learn/scikit-learn\sklearn\gaussian_process\kernels.py,Kernel,20,1,10,59,1,189
clones/scikit-learn/scikit-learn\sklearn\gaussian_process\kernels.py,NormalizedKernelMixin,1,1,3,2,0,0
clones/scikit-learn/scikit-learn\sklearn\gaussian_process\kernels.py,StationaryKernelMixin,1,1,5,1,0,0
clones/scikit-learn/scikit-learn\sklearn\gaussian_process\kernels.py,GenericKernelMixin,1,1,2,1,0,0
clones/scikit-learn/scikit-learn\sklearn\gaussian_process\kernels.py,CompoundKernel,10,2,0,25,2,44
clones/scikit-learn/scikit-learn\sklearn\gaussian_process\kernels.py,KernelOperator,9,2,2,18,2,35
clones/scikit-learn/scikit-learn\sklearn\gaussian_process\kernels.py,Sum,3,3,0,8,1,3
clones/scikit-learn/scikit-learn\sklearn\gaussian_process\kernels.py,Product,3,3,0,8,1,3
clones/scikit-learn/scikit-learn\sklearn\gaussian_process\kernels.py,Exponentiation,12,2,0,23,3,63
clones/scikit-learn/scikit-learn\sklearn\gaussian_process\kernels.py,ConstantKernel,5,2,0,13,0,10
clones/scikit-learn/scikit-learn\sklearn\gaussian_process\kernels.py,WhiteKernel,5,2,0,14,0,10
clones/scikit-learn/scikit-learn\sklearn\gaussian_process\kernels.py,RBF,5,2,1,21,0,10
clones/scikit-learn/scikit-learn\sklearn\gaussian_process\kernels.py,Matern,3,3,0,27,2,3
clones/scikit-learn/scikit-learn\sklearn\gaussian_process\kernels.py,RationalQuadratic,5,2,0,19,0,10
clones/scikit-learn/scikit-learn\sklearn\gaussian_process\kernels.py,ExpSineSquared,5,2,0,17,0,10
clones/scikit-learn/scikit-learn\sklearn\gaussian_process\kernels.py,DotProduct,6,2,0,13,0,15
clones/scikit-learn/scikit-learn\sklearn\gaussian_process\kernels.py,PairwiseKernel,6,2,0,15,0,15
clones/scikit-learn/scikit-learn\sklearn\gaussian_process\_gpc.py,_BinaryGaussianProcessClassifierLaplace,7,1,0,58,2,15
clones/scikit-learn/scikit-learn\sklearn\gaussian_process\_gpc.py,GaussianProcessClassifier,6,1,0,22,4,9
clones/scikit-learn/scikit-learn\sklearn\gaussian_process\_gpr.py,GaussianProcessRegressor,7,1,0,60,0,18
clones/scikit-learn/scikit-learn\sklearn\gaussian_process\tests\_mini_sequence_kernel.py,MiniSeqKernel,7,1,0,13,0,20
clones/scikit-learn/scikit-learn\sklearn\impute\_base.py,_BaseImputer,6,1,1,16,3,15
clones/scikit-learn/scikit-learn\sklearn\impute\_base.py,SimpleImputer,9,2,0,59,6,21
clones/scikit-learn/scikit-learn\sklearn\impute\_base.py,MissingIndicator,9,1,0,34,1,30
clones/scikit-learn/scikit-learn\sklearn\impute\_iterative.py,IterativeImputer,11,1,0,78,0,0
clones/scikit-learn/scikit-learn\sklearn\impute\_knn.py,KNNImputer,5,1,0,39,0,4
clones/scikit-learn/scikit-learn\sklearn\impute\tests\test_base.py,NoFitIndicatorImputer,2,1,0,4,0,1
clones/scikit-learn/scikit-learn\sklearn\impute\tests\test_base.py,NoTransformIndicatorImputer,2,1,0,6,0,1
clones/scikit-learn/scikit-learn\sklearn\impute\tests\test_base.py,NoPrecomputedMaskFit,2,1,0,5,0,0
clones/scikit-learn/scikit-learn\sklearn\impute\tests\test_base.py,NoPrecomputedMaskTransform,2,1,0,6,0,0
clones/scikit-learn/scikit-learn\sklearn\inspection\tests\test_partial_dependence.py,NoPredictProbaNoDecisionFunction,1,1,0,1,0,0
clones/scikit-learn/scikit-learn\sklearn\inspection\_plot\partial_dependence.py,PartialDependenceDisplay,8,1,0,59,0,13
clones/scikit-learn/scikit-learn\sklearn\linear_model\_base.py,LinearModel,5,1,1,10,0,9
clones/scikit-learn/scikit-learn\sklearn\linear_model\_base.py,LinearClassifierMixin,3,1,0,15,0,3
clones/scikit-learn/scikit-learn\sklearn\linear_model\_base.py,SparseCoefMixin,2,1,0,6,0,1
clones/scikit-learn/scikit-learn\sklearn\linear_model\_base.py,LinearRegression,2,2,0,22,1,1
clones/scikit-learn/scikit-learn\sklearn\linear_model\_bayes.py,BayesianRidge,5,1,0,33,0,9
clones/scikit-learn/scikit-learn\sklearn\linear_model\_bayes.py,ARDRegression,5,1,0,35,0,10
clones/scikit-learn/scikit-learn\sklearn\linear_model\_coordinate_descent.py,ElasticNet,4,1,1,28,1,5
clones/scikit-learn/scikit-learn\sklearn\linear_model\_coordinate_descent.py,Lasso,1,2,1,3,1,0
clones/scikit-learn/scikit-learn\sklearn\linear_model\_coordinate_descent.py,LinearModelCV,6,1,4,46,3,12
clones/scikit-learn/scikit-learn\sklearn\linear_model\_coordinate_descent.py,LassoCV,4,2,0,7,1,6
clones/scikit-learn/scikit-learn\sklearn\linear_model\_coordinate_descent.py,ElasticNetCV,4,2,0,5,0,6
clones/scikit-learn/scikit-learn\sklearn\linear_model\_coordinate_descent.py,MultiTaskElasticNet,3,3,1,16,0,3
clones/scikit-learn/scikit-learn\sklearn\linear_model\_coordinate_descent.py,MultiTaskLasso,1,4,0,1,0,0
clones/scikit-learn/scikit-learn\sklearn\linear_model\_coordinate_descent.py,MultiTaskElasticNetCV,5,2,0,8,1,10
clones/scikit-learn/scikit-learn\sklearn\linear_model\_coordinate_descent.py,MultiTaskLassoCV,5,2,0,9,2,9
clones/scikit-learn/scikit-learn\sklearn\linear_model\_huber.py,HuberRegressor,2,1,0,14,0,1
clones/scikit-learn/scikit-learn\sklearn\linear_model\_least_angle.py,Lars,4,1,2,22,0,3
clones/scikit-learn/scikit-learn\sklearn\linear_model\_least_angle.py,LassoLars,1,2,1,2,0,0
clones/scikit-learn/scikit-learn\sklearn\linear_model\_least_angle.py,LarsCV,3,2,1,31,2,2
clones/scikit-learn/scikit-learn\sklearn\linear_model\_least_angle.py,LassoLarsCV,1,3,0,2,0,0
clones/scikit-learn/scikit-learn\sklearn\linear_model\_least_angle.py,LassoLarsIC,4,3,0,23,1,5
clones/scikit-learn/scikit-learn\sklearn\linear_model\_logistic.py,LogisticRegression,4,1,1,37,0,5
clones/scikit-learn/scikit-learn\sklearn\linear_model\_logistic.py,LogisticRegressionCV,4,2,0,47,1,5
clones/scikit-learn/scikit-learn\sklearn\linear_model\_omp.py,OrthogonalMatchingPursuit,2,1,0,11,0,1
clones/scikit-learn/scikit-learn\sklearn\linear_model\_omp.py,OrthogonalMatchingPursuitCV,2,1,0,17,1,1
clones/scikit-learn/scikit-learn\sklearn\linear_model\_passive_aggressive.py,PassiveAggressiveClassifier,3,1,0,9,1,0
clones/scikit-learn/scikit-learn\sklearn\linear_model\_passive_aggressive.py,PassiveAggressiveRegressor,3,1,0,8,1,0
clones/scikit-learn/scikit-learn\sklearn\linear_model\_perceptron.py,Perceptron,1,1,0,3,0,0
clones/scikit-learn/scikit-learn\sklearn\linear_model\_quantile.py,QuantileRegressor,2,1,0,16,0,1
clones/scikit-learn/scikit-learn\sklearn\linear_model\_ransac.py,RANSACRegressor,5,1,0,34,0,7
clones/scikit-learn/scikit-learn\sklearn\linear_model\_ridge.py,_BaseRidge,2,1,2,11,0,1
clones/scikit-learn/scikit-learn\sklearn\linear_model\_ridge.py,Ridge,2,2,0,8,2,0
clones/scikit-learn/scikit-learn\sklearn\linear_model\_ridge.py,_RidgeClassifierMixin,4,1,2,18,2,6
clones/scikit-learn/scikit-learn\sklearn\linear_model\_ridge.py,RidgeClassifier,2,2,0,6,3,0
clones/scikit-learn/scikit-learn\sklearn\linear_model\_ridge.py,_X_CenterStackOp,4,1,0,10,1,6
clones/scikit-learn/scikit-learn\sklearn\linear_model\_ridge.py,_XT_CenterStackOp,3,1,0,9,1,3
clones/scikit-learn/scikit-learn\sklearn\linear_model\_ridge.py,_IdentityRegressor,2,1,0,2,0,1
clones/scikit-learn/scikit-learn\sklearn\linear_model\_ridge.py,_IdentityClassifier,2,1,0,2,0,1
clones/scikit-learn/scikit-learn\sklearn\linear_model\_ridge.py,_RidgeGCV,15,1,0,72,0,77
clones/scikit-learn/scikit-learn\sklearn\linear_model\_ridge.py,_BaseRidgeCV,2,1,2,10,1,1
clones/scikit-learn/scikit-learn\sklearn\linear_model\_ridge.py,RidgeCV,0,2,0,0,0,0
clones/scikit-learn/scikit-learn\sklearn\linear_model\_ridge.py,RidgeClassifierCV,3,2,0,7,3,2
clones/scikit-learn/scikit-learn\sklearn\linear_model\_stochastic_gradient.py,_ValidationScoreCallback,2,1,0,6,0,1
clones/scikit-learn/scikit-learn\sklearn\linear_model\_stochastic_gradient.py,BaseSGD,9,1,3,26,0,35
clones/scikit-learn/scikit-learn\sklearn\linear_model\_stochastic_gradient.py,BaseSGDClassifier,7,2,1,39,7,0
clones/scikit-learn/scikit-learn\sklearn\linear_model\_stochastic_gradient.py,SGDClassifier,5,3,0,21,2,9
clones/scikit-learn/scikit-learn\sklearn\linear_model\_stochastic_gradient.py,BaseSGDRegressor,8,2,1,38,10,7
clones/scikit-learn/scikit-learn\sklearn\linear_model\_stochastic_gradient.py,SGDRegressor,2,3,0,4,1,1
clones/scikit-learn/scikit-learn\sklearn\linear_model\_stochastic_gradient.py,SGDOneClassSVM,11,2,0,43,10,27
clones/scikit-learn/scikit-learn\sklearn\linear_model\_theil_sen.py,TheilSenRegressor,3,1,0,25,0,3
clones/scikit-learn/scikit-learn\sklearn\linear_model\tests\test_passive_aggressive.py,MyPassiveAggressive,3,1,0,11,0,3
clones/scikit-learn/scikit-learn\sklearn\linear_model\tests\test_perceptron.py,MyPerceptron,4,1,0,11,0,5
clones/scikit-learn/scikit-learn\sklearn\linear_model\tests\test_sgd.py,_SparseSGDClassifier,4,1,0,10,3,0
clones/scikit-learn/scikit-learn\sklearn\linear_model\tests\test_sgd.py,_SparseSGDRegressor,3,1,0,7,3,0
clones/scikit-learn/scikit-learn\sklearn\linear_model\tests\test_sgd.py,_SparseSGDOneClassSVM,3,1,0,7,3,0
clones/scikit-learn/scikit-learn\sklearn\linear_model\_glm\glm.py,GeneralizedLinearRegressor,6,1,3,31,0,12
clones/scikit-learn/scikit-learn\sklearn\linear_model\_glm\glm.py,PoissonRegressor,3,2,0,6,1,3
clones/scikit-learn/scikit-learn\sklearn\linear_model\_glm\glm.py,GammaRegressor,3,2,0,6,1,3
clones/scikit-learn/scikit-learn\sklearn\linear_model\_glm\glm.py,TweedieRegressor,3,2,0,8,1,3
clones/scikit-learn/scikit-learn\sklearn\linear_model\_glm\link.py,BaseLink,4,1,3,4,0,6
clones/scikit-learn/scikit-learn\sklearn\linear_model\_glm\link.py,IdentityLink,4,2,0,5,0,6
clones/scikit-learn/scikit-learn\sklearn\linear_model\_glm\link.py,LogLink,4,2,0,6,0,6
clones/scikit-learn/scikit-learn\sklearn\linear_model\_glm\link.py,LogitLink,4,2,0,6,0,6
clones/scikit-learn/scikit-learn\sklearn\manifold\_isomap.py,Isomap,6,1,0,28,0,9
clones/scikit-learn/scikit-learn\sklearn\manifold\_locally_linear.py,LocallyLinearEmbedding,5,1,0,17,0,4
clones/scikit-learn/scikit-learn\sklearn\manifold\_mds.py,MDS,5,1,0,13,0,9
clones/scikit-learn/scikit-learn\sklearn\manifold\_spectral_embedding.py,SpectralEmbedding,6,1,0,23,0,14
clones/scikit-learn/scikit-learn\sklearn\manifold\_t_sne.py,TSNE,5,1,0,40,0,4
clones/scikit-learn/scikit-learn\sklearn\metrics\_scorer.py,_MultimetricScorer,3,1,0,16,1,3
clones/scikit-learn/scikit-learn\sklearn\metrics\_scorer.py,_BaseScorer,6,1,3,17,2,14
clones/scikit-learn/scikit-learn\sklearn\metrics\_scorer.py,_PredictScorer,1,2,0,3,0,0
clones/scikit-learn/scikit-learn\sklearn\metrics\_scorer.py,_ProbaScorer,2,2,0,6,1,1
clones/scikit-learn/scikit-learn\sklearn\metrics\_scorer.py,_ThresholdScorer,2,2,0,12,2,1
clones/scikit-learn/scikit-learn\sklearn\metrics\tests\test_score_objects.py,EstimatorWithoutFit,0,1,0,0,0,0
clones/scikit-learn/scikit-learn\sklearn\metrics\tests\test_score_objects.py,EstimatorWithFit,1,1,0,1,0,0
clones/scikit-learn/scikit-learn\sklearn\metrics\tests\test_score_objects.py,EstimatorWithFitAndScore,2,1,0,2,0,1
clones/scikit-learn/scikit-learn\sklearn\metrics\tests\test_score_objects.py,EstimatorWithFitAndPredict,2,1,0,2,0,1
clones/scikit-learn/scikit-learn\sklearn\metrics\tests\test_score_objects.py,DummyScorer,1,1,0,1,0,0
clones/scikit-learn/scikit-learn\sklearn\metrics\_plot\confusion_matrix.py,ConfusionMatrixDisplay,4,1,0,30,0,5
clones/scikit-learn/scikit-learn\sklearn\metrics\_plot\det_curve.py,DetCurveDisplay,4,1,0,24,0,5
clones/scikit-learn/scikit-learn\sklearn\metrics\_plot\precision_recall_curve.py,PrecisionRecallDisplay,4,1,0,19,0,5
clones/scikit-learn/scikit-learn\sklearn\metrics\_plot\roc_curve.py,RocCurveDisplay,4,1,0,16,0,5
clones/scikit-learn/scikit-learn\sklearn\mixture\_base.py,BaseMixture,23,1,0,72,0,43
clones/scikit-learn/scikit-learn\sklearn\mixture\_bayesian_mixture.py,BayesianGaussianMixture,20,1,0,60,0,162
clones/scikit-learn/scikit-learn\sklearn\mixture\_gaussian_mixture.py,GaussianMixture,12,1,0,31,0,65
clones/scikit-learn/scikit-learn\sklearn\mixture\tests\test_gaussian_mixture.py,RandomData,1,1,0,15,0,0
clones/scikit-learn/scikit-learn\sklearn\model_selection\_search.py,ParameterGrid,4,1,0,18,0,6
clones/scikit-learn/scikit-learn\sklearn\model_selection\_search.py,ParameterSampler,4,1,0,24,0,6
clones/scikit-learn/scikit-learn\sklearn\model_selection\_search.py,BaseSearchCV,19,1,2,93,1,93
clones/scikit-learn/scikit-learn\sklearn\model_selection\_search.py,GridSearchCV,2,2,0,7,1,1
clones/scikit-learn/scikit-learn\sklearn\model_selection\_search.py,RandomizedSearchCV,2,2,0,6,1,1
clones/scikit-learn/scikit-learn\sklearn\model_selection\_search_successive_halving.py,_SubsampleMetaSplitter,2,1,0,5,0,1
clones/scikit-learn/scikit-learn\sklearn\model_selection\_search_successive_halving.py,BaseSuccessiveHalving,7,1,2,45,2,11
clones/scikit-learn/scikit-learn\sklearn\model_selection\_search_successive_halving.py,HalvingGridSearchCV,2,2,0,6,1,1
clones/scikit-learn/scikit-learn\sklearn\model_selection\_search_successive_halving.py,HalvingRandomSearchCV,2,2,0,5,1,1
clones/scikit-learn/scikit-learn\sklearn\model_selection\_split.py,BaseCrossValidator,5,1,7,13,2,9
clones/scikit-learn/scikit-learn\sklearn\model_selection\_split.py,LeaveOneOut,2,2,0,6,0,1
clones/scikit-learn/scikit-learn\sklearn\model_selection\_split.py,LeavePOut,3,2,0,11,0,3
clones/scikit-learn/scikit-learn\sklearn\model_selection\_split.py,_BaseKFold,3,2,5,13,1,3
clones/scikit-learn/scikit-learn\sklearn\model_selection\_split.py,KFold,2,3,0,9,1,1
clones/scikit-learn/scikit-learn\sklearn\model_selection\_split.py,GroupKFold,3,3,0,17,2,2
clones/scikit-learn/scikit-learn\sklearn\model_selection\_split.py,StratifiedKFold,4,3,0,27,2,3
clones/scikit-learn/scikit-learn\sklearn\model_selection\_split.py,StratifiedGroupKFold,3,3,0,30,1,2
clones/scikit-learn/scikit-learn\sklearn\model_selection\_split.py,TimeSeriesSplit,2,3,0,9,1,1
clones/scikit-learn/scikit-learn\sklearn\model_selection\_split.py,LeaveOneGroupOut,3,2,0,9,1,3
clones/scikit-learn/scikit-learn\sklearn\model_selection\_split.py,LeavePGroupsOut,4,2,0,17,1,6
clones/scikit-learn/scikit-learn\sklearn\model_selection\_split.py,_RepeatedSplits,4,1,2,13,2,5
clones/scikit-learn/scikit-learn\sklearn\model_selection\_split.py,RepeatedKFold,1,2,0,3,1,0
clones/scikit-learn/scikit-learn\sklearn\model_selection\_split.py,RepeatedStratifiedKFold,1,2,0,3,1,0
clones/scikit-learn/scikit-learn\sklearn\model_selection\_split.py,BaseShuffleSplit,5,1,2,8,1,10
clones/scikit-learn/scikit-learn\sklearn\model_selection\_split.py,ShuffleSplit,2,2,1,9,1,1
clones/scikit-learn/scikit-learn\sklearn\model_selection\_split.py,GroupShuffleSplit,3,3,0,12,3,0
clones/scikit-learn/scikit-learn\sklearn\model_selection\_split.py,StratifiedShuffleSplit,3,2,0,24,2,2
clones/scikit-learn/scikit-learn\sklearn\model_selection\_split.py,PredefinedSplit,4,2,0,13,1,6
clones/scikit-learn/scikit-learn\sklearn\model_selection\_split.py,_CVIterableWrapper,3,2,0,5,0,3
clones/scikit-learn/scikit-learn\sklearn\model_selection\tests\common.py,OneTimeSplitter,3,1,0,7,0,3
clones/scikit-learn/scikit-learn\sklearn\model_selection\tests\test_search.py,MockClassifier,8,1,0,10,0,28
clones/scikit-learn/scikit-learn\sklearn\model_selection\tests\test_search.py,LinearSVCNoScore,1,1,0,1,0,0
clones/scikit-learn/scikit-learn\sklearn\model_selection\tests\test_search.py,BrokenClassifier,3,1,0,5,0,3
clones/scikit-learn/scikit-learn\sklearn\model_selection\tests\test_search.py,FailingClassifier,4,1,0,6,0,6
clones/scikit-learn/scikit-learn\sklearn\model_selection\tests\test_successive_halving.py,FastClassifier,2,1,0,8,0,0
clones/scikit-learn/scikit-learn\sklearn\model_selection\tests\test_validation.py,MockImprovingEstimator,5,1,1,7,1,10
clones/scikit-learn/scikit-learn\sklearn\model_selection\tests\test_validation.py,MockIncrementalImprovingEstimator,3,2,0,10,1,3
clones/scikit-learn/scikit-learn\sklearn\model_selection\tests\test_validation.py,MockEstimatorWithParameter,5,1,1,6,1,10
clones/scikit-learn/scikit-learn\sklearn\model_selection\tests\test_validation.py,MockEstimatorWithSingleFitCallAllowed,2,2,0,5,1,1
clones/scikit-learn/scikit-learn\sklearn\model_selection\tests\test_validation.py,MockClassifier,6,1,0,13,0,15
clones/scikit-learn/scikit-learn\sklearn\model_selection\tests\test_validation.py,RFWithDecisionFunction,1,1,0,3,1,0
clones/scikit-learn/scikit-learn\sklearn\model_selection\tests\test_validation.py,DataDependentFailingClassifier,3,1,0,5,0,3
clones/scikit-learn/scikit-learn\sklearn\neighbors\_base.py,NeighborsBase,5,1,0,31,0,10
clones/scikit-learn/scikit-learn\sklearn\neighbors\_base.py,KNeighborsMixin,3,1,0,32,0,3
clones/scikit-learn/scikit-learn\sklearn\neighbors\_base.py,RadiusNeighborsMixin,3,1,0,36,0,3
clones/scikit-learn/scikit-learn\sklearn\neighbors\_classification.py,KNeighborsClassifier,5,1,0,26,1,9
clones/scikit-learn/scikit-learn\sklearn\neighbors\_classification.py,RadiusNeighborsClassifier,5,1,0,35,2,4
clones/scikit-learn/scikit-learn\sklearn\neighbors\_distance_metric.py,DistanceMetric,2,1,0,5,0,0
clones/scikit-learn/scikit-learn\sklearn\neighbors\_graph.py,KNeighborsTransformer,5,1,0,12,3,7
clones/scikit-learn/scikit-learn\sklearn\neighbors\_graph.py,RadiusNeighborsTransformer,5,1,0,12,3,7
clones/scikit-learn/scikit-learn\sklearn\neighbors\_kde.py,KernelDensity,7,1,0,29,0,11
clones/scikit-learn/scikit-learn\sklearn\neighbors\_lof.py,LocalOutlierFactor,12,1,0,33,0,45
clones/scikit-learn/scikit-learn\sklearn\neighbors\_nca.py,NeighborhoodComponentsAnalysis,8,1,0,45,0,22
clones/scikit-learn/scikit-learn\sklearn\neighbors\_nearest_centroid.py,NearestCentroid,3,1,0,29,0,3
clones/scikit-learn/scikit-learn\sklearn\neighbors\_regression.py,KNeighborsRegressor,5,1,0,18,1,9
clones/scikit-learn/scikit-learn\sklearn\neighbors\_regression.py,RadiusNeighborsRegressor,3,1,0,20,1,2
clones/scikit-learn/scikit-learn\sklearn\neighbors\_unsupervised.py,NearestNeighbors,2,1,0,5,0,0
clones/scikit-learn/scikit-learn\sklearn\neural_network\_multilayer_perceptron.py,BaseMultilayerPerceptron,17,1,2,78,1,70
clones/scikit-learn/scikit-learn\sklearn\neural_network\_multilayer_perceptron.py,MLPClassifier,7,2,0,34,5,15
clones/scikit-learn/scikit-learn\sklearn\neural_network\_multilayer_perceptron.py,MLPRegressor,3,2,0,10,2,3
clones/scikit-learn/scikit-learn\sklearn\neural_network\_rbm.py,BernoulliRBM,12,1,0,51,0,45
clones/scikit-learn/scikit-learn\sklearn\neural_network\_stochastic_optimizers.py,BaseOptimizer,4,1,2,8,1,6
clones/scikit-learn/scikit-learn\sklearn\neural_network\_stochastic_optimizers.py,SGDOptimizer,4,2,0,10,1,6
clones/scikit-learn/scikit-learn\sklearn\neural_network\_stochastic_optimizers.py,AdamOptimizer,2,2,0,7,1,1
clones/scikit-learn/scikit-learn\sklearn\preprocessing\_data.py,MinMaxScaler,7,1,0,23,2,18
clones/scikit-learn/scikit-learn\sklearn\preprocessing\_data.py,StandardScaler,7,1,0,31,2,18
clones/scikit-learn/scikit-learn\sklearn\preprocessing\_data.py,MaxAbsScaler,7,1,0,20,2,18
clones/scikit-learn/scikit-learn\sklearn\preprocessing\_data.py,RobustScaler,5,1,0,21,0,10
clones/scikit-learn/scikit-learn\sklearn\preprocessing\_data.py,Normalizer,4,1,0,6,0,6
clones/scikit-learn/scikit-learn\sklearn\preprocessing\_data.py,Binarizer,4,1,0,6,0,6
clones/scikit-learn/scikit-learn\sklearn\preprocessing\_data.py,KernelCenterer,5,1,0,11,0,10
clones/scikit-learn/scikit-learn\sklearn\preprocessing\_data.py,QuantileTransformer,10,1,0,44,0,24
clones/scikit-learn/scikit-learn\sklearn\preprocessing\_data.py,PowerTransformer,13,1,0,49,3,57
clones/scikit-learn/scikit-learn\sklearn\preprocessing\_discretization.py,KBinsDiscretizer,6,1,0,46,0,5
clones/scikit-learn/scikit-learn\sklearn\preprocessing\_encoders.py,_BaseEncoder,5,1,2,31,0,9
clones/scikit-learn/scikit-learn\sklearn\preprocessing\_encoders.py,OneHotEncoder,9,2,0,54,2,26
clones/scikit-learn/scikit-learn\sklearn\preprocessing\_encoders.py,OrdinalEncoder,4,2,0,24,2,5
clones/scikit-learn/scikit-learn\sklearn\preprocessing\_function_transformer.py,FunctionTransformer,10,1,0,29,0,35
clones/scikit-learn/scikit-learn\sklearn\preprocessing\_label.py,LabelEncoder,5,1,0,17,0,10
clones/scikit-learn/scikit-learn\sklearn\preprocessing\_label.py,LabelBinarizer,6,1,0,20,2,14
clones/scikit-learn/scikit-learn\sklearn\preprocessing\_label.py,MultiLabelBinarizer,8,1,0,41,2,22
clones/scikit-learn/scikit-learn\sklearn\preprocessing\_polynomial.py,PolynomialFeatures,9,1,0,47,1,30
clones/scikit-learn/scikit-learn\sklearn\preprocessing\_polynomial.py,SplineTransformer,6,1,0,34,0,14
clones/scikit-learn/scikit-learn\sklearn\semi_supervised\_label_propagation.py,BaseLabelPropagation,6,1,2,39,2,5
clones/scikit-learn/scikit-learn\sklearn\semi_supervised\_label_propagation.py,LabelPropagation,3,2,0,11,3,2
clones/scikit-learn/scikit-learn\sklearn\semi_supervised\_label_propagation.py,LabelSpreading,2,2,0,7,2,1
clones/scikit-learn/scikit-learn\sklearn\semi_supervised\_self_training.py,SelfTrainingClassifier,7,1,0,32,0,6
clones/scikit-learn/scikit-learn\sklearn\svm\_base.py,BaseLibSVM,19,1,1,75,4,116
clones/scikit-learn/scikit-learn\sklearn\svm\_base.py,BaseSVC,12,2,0,44,5,56
clones/scikit-learn/scikit-learn\sklearn\svm\_classes.py,LinearSVC,3,1,0,11,0,3
clones/scikit-learn/scikit-learn\sklearn\svm\_classes.py,LinearSVR,3,1,0,7,0,3
clones/scikit-learn/scikit-learn\sklearn\svm\_classes.py,SVC,2,1,0,4,1,1
clones/scikit-learn/scikit-learn\sklearn\svm\_classes.py,NuSVC,2,1,0,4,1,1
clones/scikit-learn/scikit-learn\sklearn\svm\_classes.py,SVR,2,1,0,4,1,1
clones/scikit-learn/scikit-learn\sklearn\svm\_classes.py,NuSVR,2,1,0,4,1,1
clones/scikit-learn/scikit-learn\sklearn\svm\_classes.py,OneClassSVM,6,1,0,19,2,9
clones/scikit-learn/scikit-learn\sklearn\tests\test_base.py,MyEstimator,1,1,0,1,0,0
clones/scikit-learn/scikit-learn\sklearn\tests\test_base.py,K,1,1,0,1,0,0
clones/scikit-learn/scikit-learn\sklearn\tests\test_base.py,T,1,1,0,1,0,0
clones/scikit-learn/scikit-learn\sklearn\tests\test_base.py,NaNTag,1,1,2,1,0,0
clones/scikit-learn/scikit-learn\sklearn\tests\test_base.py,NoNaNTag,1,1,1,1,0,0
clones/scikit-learn/scikit-learn\sklearn\tests\test_base.py,OverrideTag,1,2,0,1,0,0
clones/scikit-learn/scikit-learn\sklearn\tests\test_base.py,DiamondOverwriteTag,1,2,1,2,0,0
clones/scikit-learn/scikit-learn\sklearn\tests\test_base.py,InheritDiamondOverwriteTag,0,3,0,0,0,0
clones/scikit-learn/scikit-learn\sklearn\tests\test_base.py,ModifyInitParams,1,1,0,3,0,0
clones/scikit-learn/scikit-learn\sklearn\tests\test_base.py,Buggy,1,1,0,1,0,0
clones/scikit-learn/scikit-learn\sklearn\tests\test_base.py,NoEstimator,3,1,0,3,0,3
clones/scikit-learn/scikit-learn\sklearn\tests\test_base.py,VargEstimator,1,1,0,1,0,0
clones/scikit-learn/scikit-learn\sklearn\tests\test_base.py,TreeBadVersion,1,1,0,3,0,0
clones/scikit-learn/scikit-learn\sklearn\tests\test_base.py,TreeNoVersion,1,1,0,1,0,0
clones/scikit-learn/scikit-learn\sklearn\tests\test_base.py,DontPickleAttributeMixin,2,1,1,4,0,1
clones/scikit-learn/scikit-learn\sklearn\tests\test_base.py,MultiInheritanceEstimator,1,2,0,1,0,0
clones/scikit-learn/scikit-learn\sklearn\tests\test_base.py,SingleInheritanceEstimator,2,1,0,3,0,1
clones/scikit-learn/scikit-learn\sklearn\tests\test_metaestimators.py,DelegatorData,1,1,0,2,0,0
clones/scikit-learn/scikit-learn\sklearn\tests\test_multioutput.py,DummyRegressorWithFitParams,1,1,0,3,1,0
clones/scikit-learn/scikit-learn\sklearn\tests\test_multioutput.py,DummyClassifierWithFitParams,1,1,0,3,1,0
clones/scikit-learn/scikit-learn\sklearn\tests\test_pipeline.py,NoFit,1,1,1,1,0,0
clones/scikit-learn/scikit-learn\sklearn\tests\test_pipeline.py,NoTrans,3,2,1,3,0,3
clones/scikit-learn/scikit-learn\sklearn\tests\test_pipeline.py,NoInvTransf,1,3,1,1,0,0
clones/scikit-learn/scikit-learn\sklearn\tests\test_pipeline.py,Transf,2,4,2,2,0,1
clones/scikit-learn/scikit-learn\sklearn\tests\test_pipeline.py,TransfFitParams,1,5,0,1,0,0
clones/scikit-learn/scikit-learn\sklearn\tests\test_pipeline.py,Mult,6,1,0,8,0,15
clones/scikit-learn/scikit-learn\sklearn\tests\test_pipeline.py,FitParamT,5,1,0,8,2,9
clones/scikit-learn/scikit-learn\sklearn\tests\test_pipeline.py,DummyTransf,1,5,0,3,0,0
clones/scikit-learn/scikit-learn\sklearn\tests\test_pipeline.py,DummyEstimatorParams,4,1,0,4,0,6
clones/scikit-learn/scikit-learn\sklearn\tests\test_pipeline.py,DummyMemory,1,1,0,1,0,0
clones/scikit-learn/scikit-learn\sklearn\tests\test_pipeline.py,WrongDummyMemory,0,1,0,0,0,0
clones/scikit-learn/scikit-learn\sklearn\tests\test_pipeline.py,FeatureNameSaver,3,1,0,4,0,3
clones/scikit-learn/scikit-learn\sklearn\tree\_classes.py,BaseDecisionTree,11,1,2,64,1,40
clones/scikit-learn/scikit-learn\sklearn\tree\_classes.py,DecisionTreeClassifier,6,2,1,18,4,12
clones/scikit-learn/scikit-learn\sklearn\tree\_classes.py,DecisionTreeRegressor,4,2,1,11,2,5
clones/scikit-learn/scikit-learn\sklearn\tree\_classes.py,ExtraTreeClassifier,1,3,0,3,1,0
clones/scikit-learn/scikit-learn\sklearn\tree\_classes.py,ExtraTreeRegressor,1,3,0,3,1,0
clones/scikit-learn/scikit-learn\sklearn\tree\_export.py,Sentinel,1,1,0,1,0,0
clones/scikit-learn/scikit-learn\sklearn\tree\_export.py,_BaseTreeExporter,4,1,2,26,0,6
clones/scikit-learn/scikit-learn\sklearn\tree\_export.py,_DOTTreeExporter,5,2,0,23,4,4
clones/scikit-learn/scikit-learn\sklearn\tree\_export.py,_MPLTreeExporter,4,2,0,33,4,3
clones/scikit-learn/scikit-learn\sklearn\tree\_reingold_tilford.py,DrawTree,8,1,0,15,0,27
clones/scikit-learn/scikit-learn\sklearn\tree\_reingold_tilford.py,Tree,1,1,0,1,0,0
clones/scikit-learn/scikit-learn\sklearn\utils\deprecation.py,deprecated,6,1,0,16,0,9
clones/scikit-learn/scikit-learn\sklearn\utils\estimator_checks.py,_NotAnArray,3,1,0,6,0,3
clones/scikit-learn/scikit-learn\sklearn\utils\fixes.py,loguniform,0,1,0,0,0,0
clones/scikit-learn/scikit-learn\sklearn\utils\fixes.py,_FuncWrapper,2,1,0,6,0,1
clones/scikit-learn/scikit-learn\sklearn\utils\metaestimators.py,_BaseComposition,5,1,0,26,0,10
clones/scikit-learn/scikit-learn\sklearn\utils\metaestimators.py,_AvailableIfDescriptor,2,1,1,7,0,1
clones/scikit-learn/scikit-learn\sklearn\utils\metaestimators.py,_IffHasAttrDescriptor,2,2,0,6,1,1
clones/scikit-learn/scikit-learn\sklearn\utils\optimize.py,_LineSearchError,0,1,0,0,0,0
clones/scikit-learn/scikit-learn\sklearn\utils\_encode.py,MissingValues,1,1,0,2,0,0
clones/scikit-learn/scikit-learn\sklearn\utils\_encode.py,_nandict,2,1,0,8,0,1
clones/scikit-learn/scikit-learn\sklearn\utils\_estimator_html_repr.py,_VisualBlock,2,1,0,3,0,1
clones/scikit-learn/scikit-learn\sklearn\utils\_mocking.py,ArraySlicingWrapper,2,1,0,3,0,1
clones/scikit-learn/scikit-learn\sklearn\utils\_mocking.py,MockDataFrame,6,1,0,10,0,15
clones/scikit-learn/scikit-learn\sklearn\utils\_mocking.py,CheckingClassifier,8,1,0,23,0,27
clones/scikit-learn/scikit-learn\sklearn\utils\_mocking.py,NoSampleWeightWrapper,5,1,0,8,3,7
clones/scikit-learn/scikit-learn\sklearn\utils\_pprint.py,KeyValTuple,1,1,1,3,0,0
clones/scikit-learn/scikit-learn\sklearn\utils\_pprint.py,KeyValTupleParam,0,2,0,0,0,0
clones/scikit-learn/scikit-learn\sklearn\utils\_pprint.py,_EstimatorPrettyPrinter,8,1,0,28,0,22
clones/scikit-learn/scikit-learn\sklearn\utils\_testing.py,_IgnoreWarnings,5,1,0,13,0,10
clones/scikit-learn/scikit-learn\sklearn\utils\_testing.py,TempMemmap,3,1,0,5,0,3
clones/scikit-learn/scikit-learn\sklearn\utils\_testing.py,_Raises,2,1,0,10,0,1
clones/scikit-learn/scikit-learn\sklearn\utils\_testing.py,MinimalClassifier,7,1,0,19,1,15
clones/scikit-learn/scikit-learn\sklearn\utils\_testing.py,MinimalRegressor,6,1,0,15,1,12
clones/scikit-learn/scikit-learn\sklearn\utils\_testing.py,MinimalTransformer,6,1,0,12,1,14
clones/scikit-learn/scikit-learn\sklearn\utils\__init__.py,Bunch,5,1,0,9,0,10
clones/scikit-learn/scikit-learn\sklearn\utils\tests\test_deprecation.py,MockClass1,0,1,0,0,0,0
clones/scikit-learn/scikit-learn\sklearn\utils\tests\test_deprecation.py,MockClass2,2,1,0,3,0,1
clones/scikit-learn/scikit-learn\sklearn\utils\tests\test_deprecation.py,MockClass3,1,1,0,2,0,0
clones/scikit-learn/scikit-learn\sklearn\utils\tests\test_deprecation.py,MockClass4,0,1,0,0,0,0
clones/scikit-learn/scikit-learn\sklearn\utils\tests\test_estimator_checks.py,CorrectNotFittedError,0,1,0,0,0,0
clones/scikit-learn/scikit-learn\sklearn\utils\tests\test_estimator_checks.py,BaseBadClassifier,2,1,4,3,0,1
clones/scikit-learn/scikit-learn\sklearn\utils\tests\test_estimator_checks.py,ChangesDict,3,1,0,6,0,3
clones/scikit-learn/scikit-learn\sklearn\utils\tests\test_estimator_checks.py,SetsWrongAttribute,2,1,0,3,0,1
clones/scikit-learn/scikit-learn\sklearn\utils\tests\test_estimator_checks.py,ChangesWrongAttribute,2,1,0,3,0,1
clones/scikit-learn/scikit-learn\sklearn\utils\tests\test_estimator_checks.py,ChangesUnderscoreAttribute,1,1,0,2,0,0
clones/scikit-learn/scikit-learn\sklearn\utils\tests\test_estimator_checks.py,RaisesErrorInSetParams,3,1,0,8,1,3
clones/scikit-learn/scikit-learn\sklearn\utils\tests\test_estimator_checks.py,HasMutableParameters,2,1,0,4,0,1
clones/scikit-learn/scikit-learn\sklearn\utils\tests\test_estimator_checks.py,HasImmutableParameters,2,1,0,4,0,1
clones/scikit-learn/scikit-learn\sklearn\utils\tests\test_estimator_checks.py,ModifiesValueInsteadOfRaisingError,3,1,0,7,1,3
clones/scikit-learn/scikit-learn\sklearn\utils\tests\test_estimator_checks.py,ModifiesAnotherValue,3,1,0,7,1,3
clones/scikit-learn/scikit-learn\sklearn\utils\tests\test_estimator_checks.py,NoCheckinPredict,1,2,0,2,0,0
clones/scikit-learn/scikit-learn\sklearn\utils\tests\test_estimator_checks.py,NoSparseClassifier,2,2,0,7,0,1
clones/scikit-learn/scikit-learn\sklearn\utils\tests\test_estimator_checks.py,CorrectNotFittedErrorClassifier,2,2,0,6,0,1
clones/scikit-learn/scikit-learn\sklearn\utils\tests\test_estimator_checks.py,NoSampleWeightPandasSeriesType,2,1,0,7,0,1
clones/scikit-learn/scikit-learn\sklearn\utils\tests\test_estimator_checks.py,BadBalancedWeightsClassifier,2,2,0,5,1,1
clones/scikit-learn/scikit-learn\sklearn\utils\tests\test_estimator_checks.py,BadTransformerWithoutMixin,2,1,0,4,0,1
clones/scikit-learn/scikit-learn\sklearn\utils\tests\test_estimator_checks.py,NotInvariantPredict,2,1,0,6,0,1
clones/scikit-learn/scikit-learn\sklearn\utils\tests\test_estimator_checks.py,NotInvariantSampleOrder,2,1,0,8,0,1
clones/scikit-learn/scikit-learn\sklearn\utils\tests\test_estimator_checks.py,LargeSparseNotSupportedClassifier,1,1,0,5,0,0
clones/scikit-learn/scikit-learn\sklearn\utils\tests\test_estimator_checks.py,SparseTransformer,3,1,0,9,2,2
clones/scikit-learn/scikit-learn\sklearn\utils\tests\test_estimator_checks.py,EstimatorInconsistentForPandas,2,1,0,5,0,1
clones/scikit-learn/scikit-learn\sklearn\utils\tests\test_estimator_checks.py,UntaggedBinaryClassifier,2,1,1,7,2,0
clones/scikit-learn/scikit-learn\sklearn\utils\tests\test_estimator_checks.py,TaggedBinaryClassifier,1,2,0,1,0,0
clones/scikit-learn/scikit-learn\sklearn\utils\tests\test_estimator_checks.py,EstimatorMissingDefaultTags,1,1,0,4,0,0
clones/scikit-learn/scikit-learn\sklearn\utils\tests\test_estimator_checks.py,RequiresPositiveYRegressor,2,1,0,7,1,1
clones/scikit-learn/scikit-learn\sklearn\utils\tests\test_estimator_checks.py,PoorScoreLogisticRegression,2,1,0,4,0,1
clones/scikit-learn/scikit-learn\sklearn\utils\tests\test_estimator_checks.py,PartialFitChecksName,2,1,0,4,0,1
clones/scikit-learn/scikit-learn\sklearn\utils\tests\test_estimator_checks.py,_BaseMultiLabelClassifierMock,3,1,0,3,0,3
clones/scikit-learn/scikit-learn\sklearn\utils\tests\test_metaestimators.py,Prefix,1,1,0,1,0,0
clones/scikit-learn/scikit-learn\sklearn\utils\tests\test_metaestimators.py,MockMetaEstimator,1,1,0,2,0,0
clones/scikit-learn/scikit-learn\sklearn\utils\tests\test_metaestimators.py,MetaEst,2,1,2,3,0,1
clones/scikit-learn/scikit-learn\sklearn\utils\tests\test_metaestimators.py,MetaEstTestTuple,1,2,0,2,0,0
clones/scikit-learn/scikit-learn\sklearn\utils\tests\test_metaestimators.py,MetaEstTestList,1,2,0,2,0,0
clones/scikit-learn/scikit-learn\sklearn\utils\tests\test_metaestimators.py,HasPredict,1,1,0,1,0,0
clones/scikit-learn/scikit-learn\sklearn\utils\tests\test_metaestimators.py,HasNoPredict,0,1,0,0,0,0
clones/scikit-learn/scikit-learn\sklearn\utils\tests\test_metaestimators.py,HasPredictAsNDArray,0,1,0,0,0,0
clones/scikit-learn/scikit-learn\sklearn\utils\tests\test_metaestimators.py,AvailableParameterEstimator,2,1,0,3,0,1
clones/scikit-learn/scikit-learn\sklearn\utils\tests\test_pprint.py,LogisticRegression,2,1,0,2,0,1
clones/scikit-learn/scikit-learn\sklearn\utils\tests\test_pprint.py,StandardScaler,2,1,0,2,0,1
clones/scikit-learn/scikit-learn\sklearn\utils\tests\test_pprint.py,RFE,1,1,0,1,0,0
clones/scikit-learn/scikit-learn\sklearn\utils\tests\test_pprint.py,GridSearchCV,1,1,0,1,0,0
clones/scikit-learn/scikit-learn\sklearn\utils\tests\test_pprint.py,CountVectorizer,1,1,0,1,0,0
clones/scikit-learn/scikit-learn\sklearn\utils\tests\test_pprint.py,Pipeline,1,1,0,1,0,0
clones/scikit-learn/scikit-learn\sklearn\utils\tests\test_pprint.py,SVC,1,1,0,1,0,0
clones/scikit-learn/scikit-learn\sklearn\utils\tests\test_pprint.py,PCA,1,1,0,1,0,0
clones/scikit-learn/scikit-learn\sklearn\utils\tests\test_pprint.py,NMF,1,1,0,1,0,0
clones/scikit-learn/scikit-learn\sklearn\utils\tests\test_pprint.py,SimpleImputer,1,1,0,1,0,0
clones/scikit-learn/scikit-learn\sklearn\utils\tests\test_tags.py,NoTagsEstimator,0,1,0,0,0,0
clones/scikit-learn/scikit-learn\sklearn\utils\tests\test_tags.py,MoreTagsEstimator,1,1,0,1,0,0
clones/scikit-learn/scikit-learn\sklearn\utils\tests\test_testing.py,TestWarns,2,1,0,11,0,1
clones/scikit-learn/scikit-learn\sklearn\utils\tests\test_testing.py,Klass,2,1,0,2,0,1
clones/scikit-learn/scikit-learn\sklearn\utils\tests\test_testing.py,MockEst,5,1,0,5,0,10
clones/scikit-learn/scikit-learn\sklearn\utils\tests\test_testing.py,MockMetaEstimator,5,1,0,9,1,10
clones/scikit-learn/scikit-learn\sklearn\utils\tests\test_testing.py,MockMetaEstimatorDeprecatedDelegation,5,1,0,8,1,10
clones/scikit-learn/scikit-learn\sklearn\utils\tests\test_testing.py,RegistrationCounter,2,1,0,2,0,1
clones/scikit-learn/scikit-learn\sklearn\utils\tests\test_validation.py,DummyMemory,1,1,0,1,0,0
clones/scikit-learn/scikit-learn\sklearn\utils\tests\test_validation.py,WrongDummyMemory,0,1,0,0,0,0
clones/scikit-learn/scikit-learn\sklearn\utils\tests\test_validation.py,PassthroughTransformer,3,1,0,5,0,3
clones/scikit-learn/scikit-learn\sklearn\_loss\glm_distribution.py,ExponentialDispersionModel,6,1,1,14,2,5
clones/scikit-learn/scikit-learn\sklearn\_loss\glm_distribution.py,TweedieDistribution,5,2,4,15,0,9
clones/scikit-learn/scikit-learn\sklearn\_loss\glm_distribution.py,NormalDistribution,1,3,0,3,1,0
clones/scikit-learn/scikit-learn\sklearn\_loss\glm_distribution.py,PoissonDistribution,1,3,0,3,1,0
clones/scikit-learn/scikit-learn\sklearn\_loss\glm_distribution.py,GammaDistribution,1,3,0,3,1,0
clones/scikit-learn/scikit-learn\sklearn\_loss\glm_distribution.py,InverseGaussianDistribution,1,3,0,3,1,0
clones/scikit-learn/scikit-learn\sklearn\_loss\link.py,Interval,2,1,0,9,0,1
clones/scikit-learn/scikit-learn\sklearn\_loss\link.py,BaseLink,2,1,4,2,0,1
clones/scikit-learn/scikit-learn\sklearn\_loss\link.py,IdentityLink,1,2,0,2,0,0
clones/scikit-learn/scikit-learn\sklearn\_loss\link.py,LogLink,2,2,0,4,0,1
clones/scikit-learn/scikit-learn\sklearn\_loss\link.py,LogitLink,2,2,0,4,0,1
clones/scikit-learn/scikit-learn\sklearn\_loss\link.py,MultinomialLogit,3,2,0,8,0,3
clones/scikit-learn/scikit-learn\sklearn\_loss\loss.py,BaseLoss,10,1,8,24,0,39
clones/scikit-learn/scikit-learn\sklearn\_loss\loss.py,HalfSquaredError,1,2,0,5,1,0
clones/scikit-learn/scikit-learn\sklearn\_loss\loss.py,AbsoluteError,2,2,0,8,1,1
clones/scikit-learn/scikit-learn\sklearn\_loss\loss.py,PinballLoss,2,2,0,10,1,1
clones/scikit-learn/scikit-learn\sklearn\_loss\loss.py,HalfPoissonLoss,2,2,0,8,1,1
clones/scikit-learn/scikit-learn\sklearn\_loss\loss.py,HalfGammaLoss,2,2,0,8,1,1
clones/scikit-learn/scikit-learn\sklearn\_loss\loss.py,HalfTweedieLoss,2,2,0,14,2,0
clones/scikit-learn/scikit-learn\sklearn\_loss\loss.py,HalfBinomialLoss,3,2,0,12,1,3
clones/scikit-learn/scikit-learn\sklearn\_loss\loss.py,HalfMultinomialLoss,5,2,0,24,1,9
