arquivo,loc,lloc,sloc,comments,multi,blank,average_complexity,maintainability_index
clones/scikit-learn/scikit-learn\conftest.py,107,56,77,13,0,18,5.75,66.12552124070892
clones/scikit-learn/scikit-learn\setup.py,305,131,200,48,5,56,6.125,57.09494121071231
clones/scikit-learn/scikit-learn\asv_benchmarks\benchmarks\cluster.py,100,50,69,0,6,25,1.6,66.80101527233616
clones/scikit-learn/scikit-learn\asv_benchmarks\benchmarks\common.py,235,162,159,6,4,57,1.8,42.80787630024663
clones/scikit-learn/scikit-learn\asv_benchmarks\benchmarks\datasets.py,146,99,112,2,0,32,1.1,49.388996528350376
clones/scikit-learn/scikit-learn\asv_benchmarks\benchmarks\decomposition.py,94,46,57,0,9,28,1.2,100.0
clones/scikit-learn/scikit-learn\asv_benchmarks\benchmarks\ensemble.py,115,59,72,1,9,34,1.4666666666666666,69.3673722665365
clones/scikit-learn/scikit-learn\asv_benchmarks\benchmarks\linear_model.py,250,138,160,0,18,72,1.6666666666666667,49.58525886706741
clones/scikit-learn/scikit-learn\asv_benchmarks\benchmarks\manifold.py,34,22,19,0,3,12,1.4,86.61352622843042
clones/scikit-learn/scikit-learn\asv_benchmarks\benchmarks\metrics.py,45,29,31,0,3,11,3.0,71.68982996362357
clones/scikit-learn/scikit-learn\asv_benchmarks\benchmarks\model_selection.py,86,51,53,0,6,27,1.4,72.03488828417424
clones/scikit-learn/scikit-learn\asv_benchmarks\benchmarks\neighbors.py,42,24,26,0,3,13,2.0,78.49553980185337
clones/scikit-learn/scikit-learn\asv_benchmarks\benchmarks\svm.py,32,18,21,0,0,10,1.2,100.0
clones/scikit-learn/scikit-learn\asv_benchmarks\benchmarks\utils.py,44,24,29,0,0,15,1.0,56.58813718062828
clones/scikit-learn/scikit-learn\asv_benchmarks\benchmarks\__init__.py,1,1,0,0,0,0,0.0,100.0
clones/scikit-learn/scikit-learn\benchmarks\bench_20newsgroups.py,94,63,78,2,0,14,0.0,54.3380658609933
clones/scikit-learn/scikit-learn\benchmarks\bench_covertype.py,189,89,113,9,34,32,1.0,65.93775747524016
clones/scikit-learn/scikit-learn\benchmarks\bench_feature_expansions.py,49,39,41,4,0,6,0.0,68.50768924074342
clones/scikit-learn/scikit-learn\benchmarks\bench_glm.py,57,37,36,0,4,17,0.0,68.83669612454594
clones/scikit-learn/scikit-learn\benchmarks\bench_glmnet.py,128,88,83,6,13,26,1.0,62.84328947502246
clones/scikit-learn/scikit-learn\benchmarks\bench_hist_gradient_boosting.py,264,180,227,4,0,34,7.0,37.09185763879184
clones/scikit-learn/scikit-learn\benchmarks\bench_hist_gradient_boosting_adult.py,90,58,73,5,0,15,1.5,64.60895727955935
clones/scikit-learn/scikit-learn\benchmarks\bench_hist_gradient_boosting_categorical_only.py,84,54,67,4,0,15,1.5,65.96308828757351
clones/scikit-learn/scikit-learn\benchmarks\bench_hist_gradient_boosting_higgsboson.py,118,90,97,2,0,20,1.6666666666666667,51.76545362208421
clones/scikit-learn/scikit-learn\benchmarks\bench_hist_gradient_boosting_threading.py,316,215,267,4,0,46,5.0,33.3095896335902
clones/scikit-learn/scikit-learn\benchmarks\bench_isolation_forest.py,159,115,103,11,19,27,2.0,61.260487672339366
clones/scikit-learn/scikit-learn\benchmarks\bench_isotonic.py,100,50,64,2,13,21,1.0,71.23269435544522
clones/scikit-learn/scikit-learn\benchmarks\bench_lasso.py,96,59,68,2,10,18,3.0,68.17759767642276
clones/scikit-learn/scikit-learn\benchmarks\bench_lof.py,106,74,68,8,15,17,0.0,67.85497407952788
clones/scikit-learn/scikit-learn\benchmarks\bench_mnist.py,179,87,116,9,24,29,1.0,66.70437814703838
clones/scikit-learn/scikit-learn\benchmarks\bench_multilabel_metrics.py,188,89,128,1,31,28,3.6666666666666665,62.38672589435557
clones/scikit-learn/scikit-learn\benchmarks\bench_plot_fastkmeans.py,136,99,108,2,0,27,3.0,43.809748002046256
clones/scikit-learn/scikit-learn\benchmarks\bench_plot_hierarchical.py,85,54,66,0,0,19,4.0,44.87478597588353
clones/scikit-learn/scikit-learn\benchmarks\bench_plot_incremental_pca.py,150,99,114,3,6,27,2.25,53.472083760791364
clones/scikit-learn/scikit-learn\benchmarks\bench_plot_lasso_path.py,115,81,86,8,3,21,3.0,60.27581511947145
clones/scikit-learn/scikit-learn\benchmarks\bench_plot_neighbors.py,185,110,140,6,3,36,11.5,47.290505991980744
clones/scikit-learn/scikit-learn\benchmarks\bench_plot_nmf.py,422,228,261,34,59,71,3.4375,47.320557294242924
clones/scikit-learn/scikit-learn\benchmarks\bench_plot_omp_lars.py,122,85,92,10,4,17,3.0,59.786909277903845
clones/scikit-learn/scikit-learn\benchmarks\bench_plot_parallel_pairwise.py,46,32,32,2,0,12,1.3333333333333333,69.7001017083784
clones/scikit-learn/scikit-learn\benchmarks\bench_plot_polynomial_kernel_approximation.py,156,68,75,20,32,29,0.0,72.57162104215027
clones/scikit-learn/scikit-learn\benchmarks\bench_plot_randomized_svd.py,465,273,314,16,59,76,5.25,42.084810732504714
clones/scikit-learn/scikit-learn\benchmarks\bench_plot_svd.py,82,55,60,4,3,16,3.0,65.89934354306881
clones/scikit-learn/scikit-learn\benchmarks\bench_plot_ward.py,43,32,32,0,3,8,0.0,74.27383335216267
clones/scikit-learn/scikit-learn\benchmarks\bench_random_projections.py,250,115,171,26,6,48,1.3333333333333333,56.06183951625882
clones/scikit-learn/scikit-learn\benchmarks\bench_rcv1_logreg_convergence.py,238,147,176,16,0,45,2.25,48.067130764384146
clones/scikit-learn/scikit-learn\benchmarks\bench_saga.py,305,195,257,2,4,42,9.75,32.2939255574022
clones/scikit-learn/scikit-learn\benchmarks\bench_sample_without_replacement.py,201,91,127,35,3,37,1.0,64.15868110540013
clones/scikit-learn/scikit-learn\benchmarks\bench_sgd_regression.py,150,113,118,4,5,23,0.0,51.90832192934726
clones/scikit-learn/scikit-learn\benchmarks\bench_sparsify.py,105,47,43,5,36,23,1.5,72.83948275466086
clones/scikit-learn/scikit-learn\benchmarks\bench_text_vectorizers.py,72,37,44,0,7,21,1.0,73.09711059159925
clones/scikit-learn/scikit-learn\benchmarks\bench_tree.py,124,81,80,6,11,26,1.0,64.98324089881908
clones/scikit-learn/scikit-learn\benchmarks\bench_tsne_mnist.py,169,103,126,5,5,31,1.2,55.44668864877826
clones/scikit-learn/scikit-learn\benchmarks\plot_tsne_mnist.py,30,17,23,0,0,7,0.0,64.74521954595191
clones/scikit-learn/scikit-learn\build_tools\generate_authors_table.py,156,91,105,12,7,32,3.8333333333333335,58.5878245761144
clones/scikit-learn/scikit-learn\build_tools\circle\list_versions.py,97,72,75,9,0,15,4.0,56.51329998766791
clones/scikit-learn/scikit-learn\build_tools\github\check_wheels.py,32,18,18,5,2,7,0.0,87.39267139265014
clones/scikit-learn/scikit-learn\build_tools\github\vendor.py,148,51,97,2,13,35,3.6666666666666665,68.74877048122187
clones/scikit-learn/scikit-learn\doc\conf.py,512,186,255,147,4,115,2.3636363636363638,58.412939563890625
clones/scikit-learn/scikit-learn\doc\conftest.py,109,81,85,7,0,22,3.7,56.46130723986462
clones/scikit-learn/scikit-learn\doc\sphinxext\add_toctree_functions.py,154,44,45,21,59,29,4.0,59.16443629116544
clones/scikit-learn/scikit-learn\doc\sphinxext\custom_references_resolver.py,122,57,64,10,28,19,8.25,73.62332004423081
clones/scikit-learn/scikit-learn\doc\sphinxext\github_link.py,85,47,48,2,18,17,4.333333333333333,77.89864020264405
clones/scikit-learn/scikit-learn\doc\sphinxext\sphinx_issues.py,218,110,130,11,50,28,3.5555555555555554,65.47432537471083
clones/scikit-learn/scikit-learn\doc\tutorial\machine_learning_map\parse_path.py,192,92,129,18,7,42,2.375,56.64103309345731
clones/scikit-learn/scikit-learn\doc\tutorial\machine_learning_map\pyparsing.py,5715,2933,2863,162,1822,837,3.4424242424242424,0.0
clones/scikit-learn/scikit-learn\doc\tutorial\machine_learning_map\svg2imagemap.py,89,55,54,1,18,16,0.0,67.75983302860053
clones/scikit-learn/scikit-learn\doc\tutorial\text_analytics\data\languages\fetch_data.py,101,57,72,14,0,18,0.0,66.6602714543136
clones/scikit-learn/scikit-learn\doc\tutorial\text_analytics\data\movie_reviews\fetch_data.py,27,18,18,0,0,8,0.0,61.87119949557832
clones/scikit-learn/scikit-learn\doc\tutorial\text_analytics\data\twenty_newsgroups\fetch_data.py,27,19,19,0,0,7,0.0,59.44978819839055
clones/scikit-learn/scikit-learn\doc\tutorial\text_analytics\skeletons\exercise_01_language_train_model.py,62,18,23,16,6,17,0.0,93.86265031904729
clones/scikit-learn/scikit-learn\doc\tutorial\text_analytics\skeletons\exercise_02_sentiment.py,63,17,18,23,7,15,0.0,77.70567772924785
clones/scikit-learn/scikit-learn\doc\tutorial\text_analytics\solutions\exercise_01_language_train_model.py,70,22,31,16,6,17,0.0,94.50042528278769
clones/scikit-learn/scikit-learn\doc\tutorial\text_analytics\solutions\exercise_02_sentiment.py,79,26,34,23,7,15,0.0,84.98926750555331
clones/scikit-learn/scikit-learn\doc\tutorial\text_analytics\solutions\generate_skeletons.py,38,27,26,0,0,11,0.0,53.8229212963419
clones/scikit-learn/scikit-learn\examples\applications\plot_face_recognition.py,162,70,74,21,22,44,1.5,71.15726293686386
clones/scikit-learn/scikit-learn\examples\applications\plot_model_complexity_influence.py,268,84,120,73,31,43,2.0,69.32025885216896
clones/scikit-learn/scikit-learn\examples\applications\plot_outlier_detection_wine.py,140,58,71,24,30,19,0.0,83.94039550271519
clones/scikit-learn/scikit-learn\examples\applications\plot_out_of_core_classification.py,419,249,257,49,22,85,1.6666666666666667,46.76254060286919
clones/scikit-learn/scikit-learn\examples\applications\plot_prediction_latency.py,309,160,192,9,44,59,2.8181818181818183,56.86331787421006
clones/scikit-learn/scikit-learn\examples\applications\plot_species_distribution_modeling.py,230,99,108,27,47,48,2.3333333333333335,65.24236630117117
clones/scikit-learn/scikit-learn\examples\applications\plot_stock_market.py,262,71,138,30,46,48,0.0,68.37427993650472
clones/scikit-learn/scikit-learn\examples\applications\plot_tomography_l1_reconstruction.py,149,76,72,7,43,26,1.25,67.42088963612314
clones/scikit-learn/scikit-learn\examples\applications\plot_topics_extraction_with_nmf_lda.py,136,65,82,12,18,24,4.0,70.32653902413512
clones/scikit-learn/scikit-learn\examples\applications\svm_gui.py,337,246,253,7,18,54,2.1153846153846154,41.110350960875785
clones/scikit-learn/scikit-learn\examples\applications\wikipedia_principal_eigenvector.py,223,127,122,12,36,51,4.6,58.117939703781865
clones/scikit-learn/scikit-learn\examples\bicluster\plot_bicluster_newsgroups.py,152,81,89,5,27,31,2.0,67.77872129534867
clones/scikit-learn/scikit-learn\examples\bicluster\plot_spectral_biclustering.py,67,31,33,3,13,18,0.0,88.77715868267276
clones/scikit-learn/scikit-learn\examples\bicluster\plot_spectral_coclustering.py,58,28,27,3,13,15,0.0,100.0
clones/scikit-learn/scikit-learn\examples\calibration\plot_calibration.py,121,62,66,16,21,20,0.0,73.72795611817115
clones/scikit-learn/scikit-learn\examples\calibration\plot_calibration_curve.py,134,50,58,11,38,27,3.0,74.64369770157104
clones/scikit-learn/scikit-learn\examples\calibration\plot_calibration_multiclass.py,226,82,105,76,12,33,0.0,65.50629346945595
clones/scikit-learn/scikit-learn\examples\calibration\plot_compare_calibration.py,122,49,51,7,42,24,0.0,76.91965208352637
clones/scikit-learn/scikit-learn\examples\classification\plot_classification_probability.py,98,49,62,6,14,18,0.0,74.32497883117239
clones/scikit-learn/scikit-learn\examples\classification\plot_classifier_comparison.py,144,75,90,18,16,21,0.0,69.76978355044001
clones/scikit-learn/scikit-learn\examples\classification\plot_digits_classification.py,101,27,28,45,7,21,0.0,70.05437325571583
clones/scikit-learn/scikit-learn\examples\classification\plot_lda.py,81,44,49,6,13,18,2.0,75.49485601590546
clones/scikit-learn/scikit-learn\examples\classification\plot_lda_qda.py,151,95,101,17,10,25,1.5,63.384977430260356
clones/scikit-learn/scikit-learn\examples\cluster\plot_adjusted_for_chance_measures.py,125,58,69,5,23,28,3.0,73.43511699343102
clones/scikit-learn/scikit-learn\examples\cluster\plot_affinity_propagation.py,62,33,37,6,8,11,0.0,78.74570274758848
clones/scikit-learn/scikit-learn\examples\cluster\plot_agglomerative_clustering.py,80,32,39,8,20,13,0.0,79.42275951197125
clones/scikit-learn/scikit-learn\examples\cluster\plot_agglomerative_clustering_metrics.py,129,60,67,7,29,26,1.0,71.15376463875808
clones/scikit-learn/scikit-learn\examples\cluster\plot_agglomerative_dendrogram.py,52,27,27,8,7,11,4.0,86.57062803928785
clones/scikit-learn/scikit-learn\examples\cluster\plot_birch_vs_minibatchkmeans.py,102,55,63,10,12,17,0.0,72.54977804288339
clones/scikit-learn/scikit-learn\examples\cluster\plot_cluster_comparison.py,195,73,127,19,21,28,0.0,68.65360051179944
clones/scikit-learn/scikit-learn\examples\cluster\plot_cluster_iris.py,92,46,53,9,13,17,0.0,79.45799265112711
clones/scikit-learn/scikit-learn\examples\cluster\plot_coin_segmentation.py,89,40,41,16,15,17,0.0,78.43975552670722
clones/scikit-learn/scikit-learn\examples\cluster\plot_coin_ward_segmentation.py,77,38,39,16,8,15,0.0,82.3270992651675
clones/scikit-learn/scikit-learn\examples\cluster\plot_color_quantization.py,102,57,55,13,16,17,3.0,75.44605605199263
clones/scikit-learn/scikit-learn\examples\cluster\plot_dbscan.py,75,39,43,10,6,16,0.0,75.17350897100239
clones/scikit-learn/scikit-learn\examples\cluster\plot_dict_face_patches.py,84,41,44,5,18,17,0.0,76.82982049347017
clones/scikit-learn/scikit-learn\examples\cluster\plot_digits_agglomeration.py,61,37,39,5,7,10,0.0,80.18031181815633
clones/scikit-learn/scikit-learn\examples\cluster\plot_digits_linkage.py,91,41,43,10,16,22,2.0,78.92795023576143
clones/scikit-learn/scikit-learn\examples\cluster\plot_face_compress.py,81,46,44,13,8,19,0.0,77.46408252466978
clones/scikit-learn/scikit-learn\examples\cluster\plot_feature_agglomeration_vs_univariate_selection.py,108,72,67,20,10,18,0.0,72.47304361508479
clones/scikit-learn/scikit-learn\examples\cluster\plot_inductive_clustering.py,120,58,64,8,17,31,1.1666666666666667,75.82149825013147
clones/scikit-learn/scikit-learn\examples\cluster\plot_kmeans_assumptions.py,64,36,33,6,10,15,0.0,83.77632823161653
clones/scikit-learn/scikit-learn\examples\cluster\plot_kmeans_digits.py,185,60,71,50,36,29,2.0,68.20875416508383
clones/scikit-learn/scikit-learn\examples\cluster\plot_kmeans_plusplus.py,45,22,24,3,8,10,0.0,91.81970007244477
clones/scikit-learn/scikit-learn\examples\cluster\plot_kmeans_silhouette_analysis.py,139,49,61,26,27,28,0.0,73.77399936342952
clones/scikit-learn/scikit-learn\examples\cluster\plot_kmeans_stability_low_dim_dense.py,119,55,66,9,19,25,5.0,75.14226639594783
clones/scikit-learn/scikit-learn\examples\cluster\plot_linkage_comparison.py,149,61,87,14,19,29,0.0,72.84417931312831
clones/scikit-learn/scikit-learn\examples\cluster\plot_mean_shift.py,56,27,27,7,9,13,0.0,85.06647362070146
clones/scikit-learn/scikit-learn\examples\cluster\plot_mini_batch_kmeans.py,116,60,69,14,12,21,0.0,72.63335311562376
clones/scikit-learn/scikit-learn\examples\cluster\plot_optics.py,101,61,60,9,14,18,0.0,69.1818625775417
clones/scikit-learn/scikit-learn\examples\cluster\plot_segmentation_toy.py,101,40,39,16,21,25,0.0,71.05363561692073
clones/scikit-learn/scikit-learn\examples\cluster\plot_ward_structured_vs_unstructured.py,93,42,45,17,16,15,0.0,75.6154306569338
clones/scikit-learn/scikit-learn\examples\compose\plot_column_transformer.py,162,39,75,55,15,26,3.0,100.0
clones/scikit-learn/scikit-learn\examples\compose\plot_column_transformer_mixed_types.py,207,46,62,83,19,43,0.0,67.6269831337341
clones/scikit-learn/scikit-learn\examples\compose\plot_compare_reduction.py,128,41,57,28,21,23,0.0,78.75918893661003
clones/scikit-learn/scikit-learn\examples\compose\plot_digits_pipe.py,79,36,40,11,8,20,0.0,83.96162074474049
clones/scikit-learn/scikit-learn\examples\compose\plot_feature_union.py,59,20,21,8,13,17,0.0,100.0
clones/scikit-learn/scikit-learn\examples\compose\plot_transformed_target.py,223,112,123,53,10,37,0.0,69.02361641874977
clones/scikit-learn/scikit-learn\examples\covariance\plot_covariance_estimation.py,131,46,51,20,35,25,0.0,72.5436361687637
clones/scikit-learn/scikit-learn\examples\covariance\plot_lw_vs_oas.py,83,44,48,4,17,14,0.0,80.9628164894009
clones/scikit-learn/scikit-learn\examples\covariance\plot_mahalanobis_distances.py,193,58,113,50,0,31,0.0,75.1062249089399
clones/scikit-learn/scikit-learn\examples\covariance\plot_robust_vs_empirical_covariance.py,153,59,73,12,46,22,0.0,70.91791468988845
clones/scikit-learn/scikit-learn\examples\covariance\plot_sparse_cov.py,138,59,64,12,42,20,0.0,72.58354914788785
clones/scikit-learn/scikit-learn\examples\cross_decomposition\plot_compare_cross_decomposition.py,155,103,97,19,18,21,0.0,65.70004519897458
clones/scikit-learn/scikit-learn\examples\cross_decomposition\plot_pcr_vs_pls.py,157,54,60,48,30,21,0.0,71.27756276106685
clones/scikit-learn/scikit-learn\examples\datasets\plot_digits_last_image.py,35,8,7,7,12,9,0.0,70.1972568043408
clones/scikit-learn/scikit-learn\examples\datasets\plot_iris_dataset.py,68,37,33,10,13,13,0.0,82.99384876169425
clones/scikit-learn/scikit-learn\examples\datasets\plot_random_dataset.py,68,39,43,0,12,13,0.0,100.0
clones/scikit-learn/scikit-learn\examples\datasets\plot_random_multilabel_dataset.py,94,28,43,9,29,20,1.0,80.82553601111049
clones/scikit-learn/scikit-learn\examples\decomposition\plot_beta_divergence.py,29,18,17,0,7,5,0.0,95.86624630216222
clones/scikit-learn/scikit-learn\examples\decomposition\plot_faces_decomposition.py,193,66,125,26,9,34,2.0,67.82713407369187
clones/scikit-learn/scikit-learn\examples\decomposition\plot_ica_blind_source_separation.py,73,34,36,18,12,17,0.0,79.99466513743491
clones/scikit-learn/scikit-learn\examples\decomposition\plot_ica_vs_pca.py,105,50,49,11,24,24,3.0,75.64897880475421
clones/scikit-learn/scikit-learn\examples\decomposition\plot_image_denoising.py,166,92,98,12,26,30,1.0,64.71635206770895
clones/scikit-learn/scikit-learn\examples\decomposition\plot_incremental_pca.py,60,27,28,2,16,14,0.0,83.2276719422391
clones/scikit-learn/scikit-learn\examples\decomposition\plot_kernel_pca.py,80,47,53,5,7,15,0.0,77.88056648371192
clones/scikit-learn/scikit-learn\examples\decomposition\plot_pca_3d.py,96,54,50,12,8,26,1.0,72.8571630230364
clones/scikit-learn/scikit-learn\examples\decomposition\plot_pca_iris.py,60,28,31,5,8,16,0.0,84.50914107579965
clones/scikit-learn/scikit-learn\examples\decomposition\plot_pca_vs_fa_model_selection.py,125,60,64,11,21,30,1.3333333333333333,73.37017829794412
clones/scikit-learn/scikit-learn\examples\decomposition\plot_pca_vs_lda.py,60,28,30,1,15,14,0.0,86.0965562052713
clones/scikit-learn/scikit-learn\examples\decomposition\plot_sparse_coding.py,104,57,65,9,14,15,1.5,68.60749938120402
clones/scikit-learn/scikit-learn\examples\decomposition\plot_varimax_fa.py,80,41,42,8,15,15,0.0,84.82916887976384
clones/scikit-learn/scikit-learn\examples\ensemble\plot_adaboost_hastie_10_2.py,112,51,66,5,15,26,0.0,75.01149791927986
clones/scikit-learn/scikit-learn\examples\ensemble\plot_adaboost_multiclass.py,118,55,68,6,21,23,0.0,74.938800298193
clones/scikit-learn/scikit-learn\examples\ensemble\plot_adaboost_regression.py,54,25,24,8,11,11,0.0,87.50655616966962
clones/scikit-learn/scikit-learn\examples\ensemble\plot_adaboost_twoclass.py,103,50,63,8,16,16,0.0,75.6570392640583
clones/scikit-learn/scikit-learn\examples\ensemble\plot_bias_variance.py,191,78,79,16,54,46,2.0,65.6347983342786
clones/scikit-learn/scikit-learn\examples\ensemble\plot_ensemble_oob.py,86,26,40,13,17,16,0.0,88.9623656129484
clones/scikit-learn/scikit-learn\examples\ensemble\plot_feature_transformation.py,120,74,70,12,17,21,0.0,100.0
clones/scikit-learn/scikit-learn\examples\ensemble\plot_forest_importances.py,60,22,30,4,15,11,0.0,89.32231817938555
clones/scikit-learn/scikit-learn\examples\ensemble\plot_forest_importances_faces.py,48,22,24,5,10,10,0.0,88.42490023382634
clones/scikit-learn/scikit-learn\examples\ensemble\plot_forest_iris.py,160,66,77,27,32,28,0.0,72.06085900031944
clones/scikit-learn/scikit-learn\examples\ensemble\plot_gradient_boosting_categorical.py,215,51,74,86,19,37,4.0,68.19562387422192
clones/scikit-learn/scikit-learn\examples\ensemble\plot_gradient_boosting_early_stopping.py,158,69,77,11,30,40,2.0,72.29333638708358
clones/scikit-learn/scikit-learn\examples\ensemble\plot_gradient_boosting_oob.py,137,73,70,14,23,29,2.0,71.81525946718276
clones/scikit-learn/scikit-learn\examples\ensemble\plot_gradient_boosting_quantile.py,79,40,42,10,7,19,1.0,79.90693270783304
clones/scikit-learn/scikit-learn\examples\ensemble\plot_gradient_boosting_regression.py,141,45,52,58,13,18,0.0,73.3867541200623
clones/scikit-learn/scikit-learn\examples\ensemble\plot_gradient_boosting_regularization.py,79,30,36,6,18,19,0.0,91.65908148393957
clones/scikit-learn/scikit-learn\examples\ensemble\plot_isolation_forest.py,70,32,34,5,18,13,0.0,82.1048853355112
clones/scikit-learn/scikit-learn\examples\ensemble\plot_monotonic_constraints.py,80,30,46,5,16,16,0.0,80.92618647955605
clones/scikit-learn/scikit-learn\examples\ensemble\plot_random_forest_embedding.py,105,60,52,10,22,21,0.0,76.85569634465737
clones/scikit-learn/scikit-learn\examples\ensemble\plot_random_forest_regression_multioutput.py,77,35,40,6,17,14,0.0,80.78984616978552
clones/scikit-learn/scikit-learn\examples\ensemble\plot_stack_predictors.py,256,79,119,71,13,54,1.0,72.04203017755735
clones/scikit-learn/scikit-learn\examples\ensemble\plot_voting_decision_regions.py,77,36,38,3,19,17,0.0,84.32571336969463
clones/scikit-learn/scikit-learn\examples\ensemble\plot_voting_probas.py,86,35,43,9,19,18,0.0,81.12164839648815
clones/scikit-learn/scikit-learn\examples\ensemble\plot_voting_regressor.py,90,34,33,19,19,19,0.0,100.0
clones/scikit-learn/scikit-learn\examples\exercises\plot_cv_diabetes.py,79,47,45,9,8,17,0.0,78.1813122131011
clones/scikit-learn/scikit-learn\examples\exercises\plot_cv_digits.py,42,27,25,1,8,8,0.0,85.12650840199022
clones/scikit-learn/scikit-learn\examples\exercises\plot_digits_classification_exercise.py,32,18,14,0,10,8,0.0,88.21581960356305
clones/scikit-learn/scikit-learn\examples\exercises\plot_iris_exercise.py,67,50,40,3,8,16,0.0,75.36284007770463
clones/scikit-learn/scikit-learn\examples\feature_selection\plot_feature_selection.py,98,40,47,12,18,21,0.0,79.92996545336628
clones/scikit-learn/scikit-learn\examples\feature_selection\plot_feature_selection_pipeline.py,40,19,19,4,9,8,0.0,98.80361971046804
clones/scikit-learn/scikit-learn\examples\feature_selection\plot_f_test_vs_mi.py,49,23,21,0,18,10,0.0,82.54010074365873
clones/scikit-learn/scikit-learn\examples\feature_selection\plot_permutation_test_for_classification.py,136,33,36,72,8,20,0.0,100.0
clones/scikit-learn/scikit-learn\examples\feature_selection\plot_rfe_digits.py,36,17,16,3,9,8,0.0,99.42807368665433
clones/scikit-learn/scikit-learn\examples\feature_selection\plot_rfe_with_cross_validation.py,42,18,23,6,7,7,0.0,93.38369232251456
clones/scikit-learn/scikit-learn\examples\feature_selection\plot_select_from_model_diabetes.py,142,34,38,70,15,19,0.0,55.79469680431169
clones/scikit-learn/scikit-learn\examples\gaussian_process\plot_compare_gpr_krr.py,121,51,54,8,42,18,0.0,71.44558263419127
clones/scikit-learn/scikit-learn\examples\gaussian_process\plot_gpc.py,102,56,59,7,19,17,0.0,75.20293404698354
clones/scikit-learn/scikit-learn\examples\gaussian_process\plot_gpc_iris.py,63,39,37,8,9,11,0.0,80.1302968708963
clones/scikit-learn/scikit-learn\examples\gaussian_process\plot_gpc_isoprobability.py,102,50,58,12,9,23,1.0,73.15108868699532
clones/scikit-learn/scikit-learn\examples\gaussian_process\plot_gpc_xor.py,58,30,33,5,10,10,0.0,81.72650409672447
clones/scikit-learn/scikit-learn\examples\gaussian_process\plot_gpr_co2.py,156,61,69,15,50,28,4.0,66.38120301745722
clones/scikit-learn/scikit-learn\examples\gaussian_process\plot_gpr_noisy.py,97,56,63,6,16,12,0.0,71.59812838186531
clones/scikit-learn/scikit-learn\examples\gaussian_process\plot_gpr_noisy_targets.py,113,47,50,22,15,25,1.0,75.17783366269292
clones/scikit-learn/scikit-learn\examples\gaussian_process\plot_gpr_on_structured_data.py,174,76,87,1,51,35,3.0,68.71897813037671
clones/scikit-learn/scikit-learn\examples\gaussian_process\plot_gpr_prior_posterior.py,78,44,50,7,8,13,0.0,74.07454229448523
clones/scikit-learn/scikit-learn\examples\impute\plot_iterative_imputer_variants_comparison.py,134,50,74,10,32,19,0.0,89.5312772407921
clones/scikit-learn/scikit-learn\examples\impute\plot_missing_values.py,290,98,122,72,23,74,1.0,70.89070417847068
clones/scikit-learn/scikit-learn\examples\inspection\plot_linear_model_coefficient_interpretation.py,671,181,273,276,25,97,0.0,58.01733239453966
clones/scikit-learn/scikit-learn\examples\inspection\plot_partial_dependence.py,264,69,95,113,28,29,0.0,64.37815954582074
clones/scikit-learn/scikit-learn\examples\inspection\plot_permutation_importance.py,174,54,67,63,20,24,0.0,73.73459780451788
clones/scikit-learn/scikit-learn\examples\inspection\plot_permutation_importance_multicollinear.py,114,54,56,28,16,14,0.0,85.27690719381197
clones/scikit-learn/scikit-learn\examples\kernel_approximation\plot_scalable_poly_kernels.py,186,62,76,58,17,36,0.0,70.23268147312223
clones/scikit-learn/scikit-learn\examples\linear_model\plot_ard.py,116,60,64,14,18,20,1.0,77.16433801393153
clones/scikit-learn/scikit-learn\examples\linear_model\plot_bayesian_ridge.py,114,61,65,13,18,19,1.0,76.88529695558985
clones/scikit-learn/scikit-learn\examples\linear_model\plot_bayesian_ridge_curvefit.py,86,39,40,9,20,18,1.0,77.40176859535272
clones/scikit-learn/scikit-learn\examples\linear_model\plot_huber_vs_ridge.py,64,39,35,6,11,12,0.0,77.15145606512597
clones/scikit-learn/scikit-learn\examples\linear_model\plot_iris_logistic.py,58,31,26,13,9,12,0.0,84.24960167978446
clones/scikit-learn/scikit-learn\examples\linear_model\plot_lasso_and_elasticnet.py,76,40,42,10,8,17,0.0,76.84777614026079
clones/scikit-learn/scikit-learn\examples\linear_model\plot_lasso_coordinate_descent_path.py,89,51,54,6,8,23,0.0,74.60633799595533
clones/scikit-learn/scikit-learn\examples\linear_model\plot_lasso_dense_vs_sparse_data.py,66,36,37,4,7,18,0.0,75.81189098740356
clones/scikit-learn/scikit-learn\examples\linear_model\plot_lasso_lars.py,40,19,18,4,9,9,0.0,93.22778234378166
clones/scikit-learn/scikit-learn\examples\linear_model\plot_lasso_model_selection.py,151,61,69,15,37,31,1.0,72.38031365375254
clones/scikit-learn/scikit-learn\examples\linear_model\plot_logistic.py,65,36,35,7,8,15,0.0,79.16456097784085
clones/scikit-learn/scikit-learn\examples\linear_model\plot_logistic_l1_l2_sparsity.py,89,42,47,10,13,20,0.0,77.99377539383485
clones/scikit-learn/scikit-learn\examples\linear_model\plot_logistic_multinomial.py,71,40,41,11,8,12,1.0,77.57688507121188
clones/scikit-learn/scikit-learn\examples\linear_model\plot_logistic_path.py,76,32,34,6,19,18,0.0,82.58583062624179
clones/scikit-learn/scikit-learn\examples\linear_model\plot_multi_task_lasso_support.py,69,42,40,6,12,11,0.0,79.62467138377387
clones/scikit-learn/scikit-learn\examples\linear_model\plot_nnls.py,67,32,31,15,8,13,0.0,84.27441867121743
clones/scikit-learn/scikit-learn\examples\linear_model\plot_ols.py,69,28,24,15,13,17,0.0,80.10068028957363
clones/scikit-learn/scikit-learn\examples\linear_model\plot_ols_3d.py,75,41,40,8,9,18,1.0,80.31501579728295
clones/scikit-learn/scikit-learn\examples\linear_model\plot_ols_ridge_variance.py,67,27,27,5,18,17,0.0,87.58597965695212
clones/scikit-learn/scikit-learn\examples\linear_model\plot_omp.py,75,43,47,8,7,13,0.0,82.82564019958365
clones/scikit-learn/scikit-learn\examples\linear_model\plot_poisson_regression_non_normal_loss.py,573,132,210,229,49,85,1.6666666666666667,54.24022040863593
clones/scikit-learn/scikit-learn\examples\linear_model\plot_polynomial_interpolation.py,72,32,29,7,18,17,1.0,85.99709447982553
clones/scikit-learn/scikit-learn\examples\linear_model\plot_ransac.py,59,33,34,5,7,13,0.0,82.50926004411873
clones/scikit-learn/scikit-learn\examples\linear_model\plot_ridge_coeffs.py,89,35,35,3,32,19,0.0,89.5832450314745
clones/scikit-learn/scikit-learn\examples\linear_model\plot_ridge_path.py,66,25,22,8,22,15,0.0,77.49414635652427
clones/scikit-learn/scikit-learn\examples\linear_model\plot_robust_fit.py,97,52,52,1,20,24,0.0,81.65977033195239
clones/scikit-learn/scikit-learn\examples\linear_model\plot_sgd_comparison.py,57,30,39,2,7,9,0.0,79.55758779106328
clones/scikit-learn/scikit-learn\examples\linear_model\plot_sgd_early_stopping.py,149,62,78,9,32,28,1.5,75.10056740152422
clones/scikit-learn/scikit-learn\examples\linear_model\plot_sgd_iris.py,83,47,46,12,8,18,1.0,76.58208535673928
clones/scikit-learn/scikit-learn\examples\linear_model\plot_sgd_loss_functions.py,42,24,29,0,7,6,1.0,78.01678441795637
clones/scikit-learn/scikit-learn\examples\linear_model\plot_sgd_penalties.py,51,31,31,0,9,11,0.0,78.09387804697444
clones/scikit-learn/scikit-learn\examples\linear_model\plot_sgd_separating_hyperplane.py,44,26,25,3,8,8,0.0,92.09420717640023
clones/scikit-learn/scikit-learn\examples\linear_model\plot_sgd_weighted_samples.py,48,29,28,5,7,8,0.0,82.72743818063044
clones/scikit-learn/scikit-learn\examples\linear_model\plot_sparse_logistic_regression_20newsgroups.py,117,64,76,5,17,19,0.0,69.22223645217153
clones/scikit-learn/scikit-learn\examples\linear_model\plot_sparse_logistic_regression_mnist.py,79,41,44,6,15,14,0.0,78.39428094717498
clones/scikit-learn/scikit-learn\examples\linear_model\plot_theilsen.py,111,56,53,10,30,18,0.0,72.6702063863104
clones/scikit-learn/scikit-learn\examples\linear_model\plot_tweedie_regression_insurance_claims.py,596,150,317,143,53,83,4.0,59.323184501876575
clones/scikit-learn/scikit-learn\examples\manifold\plot_compare_methods.py,83,43,44,6,16,17,0.0,78.86924402693629
clones/scikit-learn/scikit-learn\examples\manifold\plot_lle_digits.py,248,117,151,39,19,41,6.0,61.09022244014843
clones/scikit-learn/scikit-learn\examples\manifold\plot_manifold_sphere.py,151,81,87,14,22,28,0.0,67.09945618871028
clones/scikit-learn/scikit-learn\examples\manifold\plot_mds.py,88,50,52,9,8,19,0.0,73.37784493148024
clones/scikit-learn/scikit-learn\examples\manifold\plot_swissroll.py,46,22,20,7,7,12,0.0,94.6935924641411
clones/scikit-learn/scikit-learn\examples\manifold\plot_t_sne_perplexity.py,126,75,76,4,19,27,0.0,69.08521373807613
clones/scikit-learn/scikit-learn\examples\miscellaneous\plot_anomaly_comparison.py,151,51,70,11,44,27,0.0,72.3967854401209
clones/scikit-learn/scikit-learn\examples\miscellaneous\plot_changed_only_pprint_parameter.py,30,10,9,6,9,6,0.0,100.0
clones/scikit-learn/scikit-learn\examples\miscellaneous\plot_display_object_visualization.py,92,30,30,33,13,16,0.0,100.0
clones/scikit-learn/scikit-learn\examples\miscellaneous\plot_isotonic_regression.py,77,34,31,13,16,18,0.0,80.45043529478578
clones/scikit-learn/scikit-learn\examples\miscellaneous\plot_johnson_lindenstrauss_bound.py,211,82,84,83,10,34,0.0,64.49417530235432
clones/scikit-learn/scikit-learn\examples\miscellaneous\plot_kernel_approximation.py,227,98,106,52,24,45,0.0,67.6319672123979
clones/scikit-learn/scikit-learn\examples\miscellaneous\plot_kernel_ridge_regression.py,170,90,99,12,29,30,0.0,66.05985661890941
clones/scikit-learn/scikit-learn\examples\miscellaneous\plot_multilabel.py,113,61,61,4,24,25,2.5,72.38250191189074
clones/scikit-learn/scikit-learn\examples\miscellaneous\plot_multioutput_face_completion.py,97,54,59,7,10,22,0.0,70.39220248995767
clones/scikit-learn/scikit-learn\examples\miscellaneous\plot_partial_dependence_visualization_api.py,135,48,59,60,0,17,0.0,100.0
clones/scikit-learn/scikit-learn\examples\miscellaneous\plot_roc_curve_visualization_api.py,55,21,20,21,9,5,0.0,82.88350682552205
clones/scikit-learn/scikit-learn\examples\mixture\plot_concentration_prior.py,136,59,83,8,25,20,2.5,71.2596505413408
clones/scikit-learn/scikit-learn\examples\mixture\plot_gmm.py,88,37,42,9,21,17,3.0,77.45191552244506
clones/scikit-learn/scikit-learn\examples\mixture\plot_gmm_covariances.py,135,70,70,12,22,32,6.0,69.09237223008047
clones/scikit-learn/scikit-learn\examples\mixture\plot_gmm_pdf.py,50,26,25,6,8,11,0.0,87.80229427978733
clones/scikit-learn/scikit-learn\examples\mixture\plot_gmm_selection.py,100,60,66,7,14,14,0.0,68.0053651868135
clones/scikit-learn/scikit-learn\examples\mixture\plot_gmm_sin.py,154,61,81,11,33,30,3.0,70.25814159968381
clones/scikit-learn/scikit-learn\examples\model_selection\grid_search_text_feature_extraction.py,128,37,53,23,35,22,0.0,75.50496120366846
clones/scikit-learn/scikit-learn\examples\model_selection\plot_confusion_matrix.py,64,21,24,5,21,14,0.0,100.0
clones/scikit-learn/scikit-learn\examples\model_selection\plot_cv_indices.py,150,48,60,50,10,29,1.5,71.24393932932256
clones/scikit-learn/scikit-learn\examples\model_selection\plot_cv_predict.py,28,14,13,2,8,5,0.0,100.0
clones/scikit-learn/scikit-learn\examples\model_selection\plot_det.py,93,26,32,1,39,21,0.0,100.0
clones/scikit-learn/scikit-learn\examples\model_selection\plot_grid_search_digits.py,78,39,43,7,13,15,0.0,81.9669037126848
clones/scikit-learn/scikit-learn\examples\model_selection\plot_grid_search_refit_callable.py,116,43,49,1,41,25,1.0,79.5104150258985
clones/scikit-learn/scikit-learn\examples\model_selection\plot_grid_search_stats.py,577,117,165,304,39,74,1.0,40.21257764139706
clones/scikit-learn/scikit-learn\examples\model_selection\plot_learning_curve.py,165,57,67,6,64,28,3.0,71.94301849568483
clones/scikit-learn/scikit-learn\examples\model_selection\plot_multi_metric_evaluation.py,96,37,43,19,13,21,0.0,77.86450754838022
clones/scikit-learn/scikit-learn\examples\model_selection\plot_nested_cross_validation_iris.py,117,39,44,13,36,24,0.0,84.15019093393484
clones/scikit-learn/scikit-learn\examples\model_selection\plot_precision_recall.py,253,79,89,44,72,48,0.0,63.557500183725686
clones/scikit-learn/scikit-learn\examples\model_selection\plot_randomized_search.py,82,34,41,7,16,18,3.0,82.03220287382645
clones/scikit-learn/scikit-learn\examples\model_selection\plot_roc.py,172,72,89,25,26,32,0.0,76.72083329493536
clones/scikit-learn/scikit-learn\examples\model_selection\plot_roc_crossval.py,99,41,48,7,24,20,0.0,79.77946483030316
clones/scikit-learn/scikit-learn\examples\model_selection\plot_successive_halving_heatmap.py,122,59,67,21,7,27,8.0,79.54443499966791
clones/scikit-learn/scikit-learn\examples\model_selection\plot_successive_halving_iterations.py,87,30,41,22,9,16,0.0,100.0
clones/scikit-learn/scikit-learn\examples\model_selection\plot_train_error_vs_test_error.py,75,44,41,12,11,12,0.0,83.45109378016032
clones/scikit-learn/scikit-learn\examples\model_selection\plot_underfitting_overfitting.py,71,38,38,1,20,12,1.0,81.39802142295422
clones/scikit-learn/scikit-learn\examples\model_selection\plot_validation_curve.py,50,25,32,0,12,6,0.0,85.34850728245993
clones/scikit-learn/scikit-learn\examples\multioutput\plot_classifier_chain_yeast.py,113,40,57,10,30,16,0.0,78.70026977844009
clones/scikit-learn/scikit-learn\examples\neighbors\approximate_nearest_neighbors.py,294,139,177,15,38,60,2.3076923076923075,56.93099623483631
clones/scikit-learn/scikit-learn\examples\neighbors\plot_caching_nearest_neighbors.py,64,25,29,10,16,9,0.0,100.0
clones/scikit-learn/scikit-learn\examples\neighbors\plot_classification.py,61,35,33,10,7,12,0.0,83.30065481523634
clones/scikit-learn/scikit-learn\examples\neighbors\plot_digits_kde_sampling.py,61,32,31,7,10,13,0.0,86.74035093626742
clones/scikit-learn/scikit-learn\examples\neighbors\plot_kde_1d.py,154,99,87,13,25,29,4.0,65.51214779945909
clones/scikit-learn/scikit-learn\examples\neighbors\plot_lof_novelty_detection.py,83,38,42,8,23,10,0.0,78.46617819206519
clones/scikit-learn/scikit-learn\examples\neighbors\plot_lof_outlier_detection.py,68,32,29,7,22,10,0.0,76.95260723745638
clones/scikit-learn/scikit-learn\examples\neighbors\plot_nca_classification.py,88,40,46,9,13,21,0.0,83.05079555121159
clones/scikit-learn/scikit-learn\examples\neighbors\plot_nca_dim_reduction.py,100,32,39,15,22,24,0.0,100.0
clones/scikit-learn/scikit-learn\examples\neighbors\plot_nca_illustration.py,99,48,54,17,9,20,2.0,79.2242870022303
clones/scikit-learn/scikit-learn\examples\neighbors\plot_nearest_centroid.py,58,34,32,10,7,10,0.0,82.74124649777497
clones/scikit-learn/scikit-learn\examples\neighbors\plot_regression.py,50,24,22,9,8,11,0.0,85.0156448127004
clones/scikit-learn/scikit-learn\examples\neighbors\plot_species_kde.py,142,57,60,15,41,27,1.0,71.10760378700694
clones/scikit-learn/scikit-learn\examples\neural_networks\plot_mlp_alpha.py,119,67,72,14,15,19,0.0,71.8998006695048
clones/scikit-learn/scikit-learn\examples\neural_networks\plot_mlp_training_curves.py,102,41,65,6,12,19,4.0,78.0673211494605
clones/scikit-learn/scikit-learn\examples\neural_networks\plot_mnist_filters.py,66,26,27,5,20,14,0.0,83.40917214584165
clones/scikit-learn/scikit-learn\examples\neural_networks\plot_rbm_logistic_classification.py,139,47,64,20,26,30,3.0,78.12256984154602
clones/scikit-learn/scikit-learn\examples\preprocessing\plot_all_scaling.py,367,94,125,145,33,64,1.0,59.60891056116621
clones/scikit-learn/scikit-learn\examples\preprocessing\plot_discretization.py,86,38,40,8,24,14,0.0,82.11866718005358
clones/scikit-learn/scikit-learn\examples\preprocessing\plot_discretization_classification.py,191,83,119,21,24,28,3.0,68.3526151054907
clones/scikit-learn/scikit-learn\examples\preprocessing\plot_discretization_strategies.py,95,50,55,7,13,20,0.0,73.56731211114156
clones/scikit-learn/scikit-learn\examples\preprocessing\plot_map_data_to_normal.py,142,54,68,13,27,34,0.0,81.10766113505558
clones/scikit-learn/scikit-learn\examples\preprocessing\plot_scaling_importance.py,133,45,58,13,35,27,0.0,79.85596729018748
clones/scikit-learn/scikit-learn\examples\release_highlights\plot_release_highlights_0_22_0.py,271,85,99,112,14,47,1.0,74.21416909550318
clones/scikit-learn/scikit-learn\examples\release_highlights\plot_release_highlights_0_23_0.py,171,78,81,54,14,24,0.0,72.21208135317241
clones/scikit-learn/scikit-learn\examples\release_highlights\plot_release_highlights_0_24_0.py,245,68,82,117,14,33,0.0,64.82143695654018
clones/scikit-learn/scikit-learn\examples\semi_supervised\plot_label_propagation_digits.py,92,47,43,12,13,24,0.0,80.08427273276581
clones/scikit-learn/scikit-learn\examples\semi_supervised\plot_label_propagation_digits_active_learning.py,115,62,65,8,17,25,0.0,70.5292201932612
clones/scikit-learn/scikit-learn\examples\semi_supervised\plot_label_propagation_structure.py,62,32,36,8,10,8,0.0,82.06161634683663
clones/scikit-learn/scikit-learn\examples\semi_supervised\plot_self_training_varying_threshold.py,109,52,58,6,24,21,0.0,83.85269818087463
clones/scikit-learn/scikit-learn\examples\semi_supervised\plot_semi_supervised_newsgroups.py,95,46,62,9,9,16,3.0,74.01157433069291
clones/scikit-learn/scikit-learn\examples\semi_supervised\plot_semi_supervised_versus_svm_iris.py,86,46,43,13,11,20,0.0,78.55599117809182
clones/scikit-learn/scikit-learn\examples\svm\plot_custom_kernel.py,57,29,24,9,13,13,1.0,84.04988921509845
clones/scikit-learn/scikit-learn\examples\svm\plot_iris_svc.py,120,41,44,7,45,25,1.0,76.42294247914818
clones/scikit-learn/scikit-learn\examples\svm\plot_linearsvc_support_vectors.py,48,27,28,6,8,6,0.0,85.908129974833
clones/scikit-learn/scikit-learn\examples\svm\plot_oneclass.py,66,39,44,5,9,8,0.0,76.05938137401859
clones/scikit-learn/scikit-learn\examples\svm\plot_rbf_parameters.py,206,67,69,36,63,38,1.3333333333333333,62.802197702966104
clones/scikit-learn/scikit-learn\examples\svm\plot_separating_hyperplane.py,45,23,22,6,8,9,0.0,97.19415503867761
clones/scikit-learn/scikit-learn\examples\svm\plot_separating_hyperplane_unbalanced.py,80,31,32,10,18,20,0.0,100.0
clones/scikit-learn/scikit-learn\examples\svm\plot_svm_anova.py,56,29,31,8,9,8,0.0,92.3093955869943
clones/scikit-learn/scikit-learn\examples\svm\plot_svm_kernels.py,85,35,50,10,8,18,0.0,76.77318639003654
clones/scikit-learn/scikit-learn\examples\svm\plot_svm_margin.py,90,45,43,15,12,20,0.0,74.91850615880662
clones/scikit-learn/scikit-learn\examples\svm\plot_svm_nonlinear.py,42,22,24,2,9,7,0.0,88.4968643919121
clones/scikit-learn/scikit-learn\examples\svm\plot_svm_regression.py,56,26,32,8,6,10,0.0,86.18974949982449
clones/scikit-learn/scikit-learn\examples\svm\plot_svm_scale_c.py,150,36,47,10,60,34,0.0,66.37238193324976
clones/scikit-learn/scikit-learn\examples\svm\plot_svm_tie_breaking.py,64,35,33,2,13,16,0.0,81.40951801206513
clones/scikit-learn/scikit-learn\examples\svm\plot_weighted_samples.py,63,30,30,6,12,15,1.0,82.50169197255735
clones/scikit-learn/scikit-learn\examples\text\plot_document_classification_20newsgroups.py,328,182,225,34,11,57,3.0,50.34868996460793
clones/scikit-learn/scikit-learn\examples\text\plot_document_clustering.py,225,97,124,16,39,46,1.0,66.03466771223694
clones/scikit-learn/scikit-learn\examples\text\plot_hashing_vs_dict_vectorizer.py,110,60,65,4,17,22,1.6666666666666667,70.01481012587823
clones/scikit-learn/scikit-learn\examples\tree\plot_cost_complexity_pruning.py,106,49,48,31,15,12,0.0,80.99740175257061
clones/scikit-learn/scikit-learn\examples\tree\plot_iris_dtc.py,71,37,36,6,12,17,0.0,81.90108058387347
clones/scikit-learn/scikit-learn\examples\tree\plot_tree_regression.py,51,27,26,5,12,8,0.0,86.39086131828512
clones/scikit-learn/scikit-learn\examples\tree\plot_tree_regression_multioutput.py,60,38,35,4,13,8,0.0,80.5296600657953
clones/scikit-learn/scikit-learn\examples\tree\plot_unveil_tree_structure.py,180,57,76,68,14,23,0.0,69.41635625026316
clones/scikit-learn/scikit-learn\maint_tools\check_pxd_in_installation.py,59,25,37,6,5,11,0.0,84.47939531229085
clones/scikit-learn/scikit-learn\maint_tools\sort_whats_new.py,45,28,32,4,0,9,2.0,72.79085066273765
clones/scikit-learn/scikit-learn\maint_tools\test_docstrings.py,222,84,149,21,17,36,6.25,62.64448398383158
clones/scikit-learn/scikit-learn\sklearn\base.py,854,314,305,59,322,158,2.6,33.39314626294998
clones/scikit-learn/scikit-learn\sklearn\calibration.py,890,270,303,32,393,166,3.3157894736842106,36.45741374480688
clones/scikit-learn/scikit-learn\sklearn\conftest.py,46,21,19,1,16,10,1.5,93.19988238846086
clones/scikit-learn/scikit-learn\sklearn\discriminant_analysis.py,917,286,287,38,439,164,3.4285714285714284,27.58373994142564
clones/scikit-learn/scikit-learn\sklearn\dummy.py,603,220,243,15,225,122,6.357142857142857,42.96646645250368
clones/scikit-learn/scikit-learn\sklearn\exceptions.py,155,27,27,0,84,44,1.0,100.0
clones/scikit-learn/scikit-learn\sklearn\isotonic.py,419,127,131,35,161,91,2.769230769230769,46.44733852224053
clones/scikit-learn/scikit-learn\sklearn\kernel_approximation.py,840,244,267,14,393,167,2.64,34.996963788418434
clones/scikit-learn/scikit-learn\sklearn\kernel_ridge.py,210,55,57,7,110,36,2.142857142857143,51.02980165525276
clones/scikit-learn/scikit-learn\sklearn\multiclass.py,944,312,344,37,386,170,2.5384615384615383,35.870687829016894
clones/scikit-learn/scikit-learn\sklearn\multioutput.py,846,260,264,8,407,167,3.066666666666667,34.19255428532916
clones/scikit-learn/scikit-learn\sklearn\naive_bayes.py,1301,420,422,58,543,269,2.0,23.92461863595934
clones/scikit-learn/scikit-learn\sklearn\pipeline.py,1099,371,411,43,453,191,2.5454545454545454,26.159982807723793
clones/scikit-learn/scikit-learn\sklearn\random_projection.py,656,123,158,11,329,156,2.375,33.243058814554544
clones/scikit-learn/scikit-learn\sklearn\setup.py,90,63,67,9,0,14,3.0,70.32071522540342
clones/scikit-learn/scikit-learn\sklearn\_config.py,150,27,28,0,93,29,2.3333333333333335,40.32138252484956
clones/scikit-learn/scikit-learn\sklearn\_distributor_init.py,10,1,0,0,7,3,0.0,100.0
clones/scikit-learn/scikit-learn\sklearn\_min_dependencies.py,65,26,48,6,0,10,0.0,79.8719904860901
clones/scikit-learn/scikit-learn\sklearn\__init__.py,112,32,42,44,11,18,2.0,76.96994668121546
clones/scikit-learn/scikit-learn\sklearn\cluster\setup.py,50,18,34,2,0,14,2.0,78.2874716350968
clones/scikit-learn/scikit-learn\sklearn\cluster\_affinity_propagation.py,484,164,180,27,184,97,4.444444444444445,47.8572861932873
clones/scikit-learn/scikit-learn\sklearn\cluster\_agglomerative.py,1109,375,437,89,394,197,6.8125,31.8774707078646
clones/scikit-learn/scikit-learn\sklearn\cluster\_bicluster.py,546,200,237,9,197,99,3.1666666666666665,51.257575531453796
clones/scikit-learn/scikit-learn\sklearn\cluster\_birch.py,659,259,285,34,226,112,2.8636363636363638,45.821976388384556
clones/scikit-learn/scikit-learn\sklearn\cluster\_dbscan.py,390,58,66,17,233,75,3.4,23.324738282698114
clones/scikit-learn/scikit-learn\sklearn\cluster\_feature_agglomeration.py,73,26,22,5,33,13,3.3333333333333335,68.06687303682395
clones/scikit-learn/scikit-learn\sklearn\cluster\_kmeans.py,2017,577,749,135,735,402,4.6571428571428575,18.27636080847257
clones/scikit-learn/scikit-learn\sklearn\cluster\_mean_shift.py,468,129,143,27,211,93,4.75,44.62362404387284
clones/scikit-learn/scikit-learn\sklearn\cluster\_optics.py,927,239,291,56,416,166,5.0,31.544775214129558
clones/scikit-learn/scikit-learn\sklearn\cluster\_spectral.py,581,135,162,29,278,112,3.875,38.00221019990357
clones/scikit-learn/scikit-learn\sklearn\cluster\__init__.py,43,11,37,0,4,2,0.0,100.0
clones/scikit-learn/scikit-learn\sklearn\cluster\tests\common.py,28,10,14,4,3,7,2.0,94.72746766353104
clones/scikit-learn/scikit-learn\sklearn\cluster\tests\test_affinity_propagation.py,254,132,158,37,3,55,1.8461538461538463,57.930261350746704
clones/scikit-learn/scikit-learn\sklearn\cluster\tests\test_bicluster.py,277,161,206,12,0,58,2.736842105263158,43.81616210766598
clones/scikit-learn/scikit-learn\sklearn\cluster\tests\test_birch.py,181,121,121,20,3,36,2.1818181818181817,62.79404897962927
clones/scikit-learn/scikit-learn\sklearn\cluster\tests\test_dbscan.py,415,229,274,52,3,87,2.4444444444444446,46.550641625963465
clones/scikit-learn/scikit-learn\sklearn\cluster\tests\test_feature_agglomeration.py,43,28,31,4,3,6,11.0,76.33616134286427
clones/scikit-learn/scikit-learn\sklearn\cluster\tests\test_hierarchical.py,796,462,561,100,3,131,2.5483870967741935,35.43307519773783
clones/scikit-learn/scikit-learn\sklearn\cluster\tests\test_k_means.py,1093,576,696,174,0,227,2.2777777777777777,32.706367115426296
clones/scikit-learn/scikit-learn\sklearn\cluster\tests\test_mean_shift.py,194,112,120,23,3,48,2.5384615384615383,58.12969003400546
clones/scikit-learn/scikit-learn\sklearn\cluster\tests\test_optics.py,429,217,305,41,0,84,2.0,41.670942273665965
clones/scikit-learn/scikit-learn\sklearn\cluster\tests\test_spectral.py,278,150,195,33,0,55,3.1818181818181817,50.10077535438074
clones/scikit-learn/scikit-learn\sklearn\cluster\tests\__init__.py,0,0,0,0,0,0,0.0,100.0
clones/scikit-learn/scikit-learn\sklearn\compose\_column_transformer.py,829,266,320,27,358,123,4.357142857142857,33.02806620444321
clones/scikit-learn/scikit-learn\sklearn\compose\_target.py,256,75,86,17,101,52,4.0,57.22184175913037
clones/scikit-learn/scikit-learn\sklearn\compose\__init__.py,18,4,9,0,4,5,0.0,100.0
clones/scikit-learn/scikit-learn\sklearn\compose\tests\test_column_transformer.py,1422,781,1071,82,11,274,3.727272727272727,3.3401121085321153
clones/scikit-learn/scikit-learn\sklearn\compose\tests\test_target.py,334,202,238,34,0,63,2.0,46.42114162180929
clones/scikit-learn/scikit-learn\sklearn\compose\tests\__init__.py,0,0,0,0,0,0,0.0,100.0
clones/scikit-learn/scikit-learn\sklearn\covariance\_elliptic_envelope.py,230,36,36,3,149,42,1.1428571428571428,26.626274402348333
clones/scikit-learn/scikit-learn\sklearn\covariance\_empirical_covariance.py,317,89,84,15,161,57,2.3,41.861464610923534
clones/scikit-learn/scikit-learn\sklearn\covariance\_graph_lasso.py,853,280,325,55,341,135,5.384615384615385,37.732704828330604
clones/scikit-learn/scikit-learn\sklearn\covariance\_robust_covariance.py,762,242,292,62,303,105,4.666666666666667,42.77041723366617
clones/scikit-learn/scikit-learn\sklearn\covariance\_shrunk_covariance.py,605,156,149,33,307,118,3.25,25.53482930707411
clones/scikit-learn/scikit-learn\sklearn\covariance\__init__.py,35,7,25,0,7,3,0.0,100.0
clones/scikit-learn/scikit-learn\sklearn\covariance\tests\test_covariance.py,305,193,205,57,0,43,1.8571428571428572,56.2189029751154
clones/scikit-learn/scikit-learn\sklearn\covariance\tests\test_elliptic_envelope.py,45,31,35,0,3,7,1.5,69.02546117233618
clones/scikit-learn/scikit-learn\sklearn\covariance\tests\test_graphical_lasso.py,210,122,160,19,2,29,3.0,54.95368700957537
clones/scikit-learn/scikit-learn\sklearn\covariance\tests\test_robust_covariance.py,168,69,92,45,0,31,1.5,72.56668301699936
clones/scikit-learn/scikit-learn\sklearn\covariance\tests\__init__.py,0,0,0,0,0,0,0.0,100.0
clones/scikit-learn/scikit-learn\sklearn\cross_decomposition\_pls.py,1013,318,377,84,383,189,2.0,37.03366656227923
clones/scikit-learn/scikit-learn\sklearn\cross_decomposition\__init__.py,3,2,2,0,0,1,0.0,100.0
clones/scikit-learn/scikit-learn\sklearn\cross_decomposition\tests\test_pls.py,551,293,406,47,2,98,1.3,40.61594940038535
clones/scikit-learn/scikit-learn\sklearn\cross_decomposition\tests\__init__.py,0,0,0,0,0,0,0.0,100.0
clones/scikit-learn/scikit-learn\sklearn\datasets\setup.py,24,17,19,0,0,5,2.0,64.41888735626253
clones/scikit-learn/scikit-learn\sklearn\datasets\_base.py,1196,272,369,11,583,234,3.588235294117647,36.91282998153503
clones/scikit-learn/scikit-learn\sklearn\datasets\_california_housing.py,192,59,70,10,63,49,6.0,72.79574205915004
clones/scikit-learn/scikit-learn\sklearn\datasets\_covtype.py,194,64,84,8,62,40,10.0,72.43075465641755
clones/scikit-learn/scikit-learn\sklearn\datasets\_kddcup99.py,372,148,201,9,96,66,8.0,60.50774495983883
clones/scikit-learn/scikit-learn\sklearn\datasets\_lfw.py,510,175,226,52,132,99,7.166666666666667,53.44717156718066
clones/scikit-learn/scikit-learn\sklearn\datasets\_olivetti_faces.py,147,49,56,8,54,29,7.0,72.77268119017704
clones/scikit-learn/scikit-learn\sklearn\datasets\_openml.py,933,386,502,67,215,148,4.9,39.71614059148222
clones/scikit-learn/scikit-learn\sklearn\datasets\_rcv1.py,290,131,155,24,57,53,7.666666666666667,62.631580442194576
clones/scikit-learn/scikit-learn\sklearn\datasets\_samples_generator.py,1783,501,545,55,769,418,4.590909090909091,20.1269535844751
clones/scikit-learn/scikit-learn\sklearn\datasets\_species_distributions.py,263,80,92,16,102,55,3.5,61.30374503795749
clones/scikit-learn/scikit-learn\sklearn\datasets\_svmlight_format_io.py,499,157,189,18,201,95,9.0,45.60579654061068
clones/scikit-learn/scikit-learn\sklearn\datasets\_twenty_newsgroups.py,519,187,225,12,184,97,6.333333333333333,55.381266645669186
clones/scikit-learn/scikit-learn\sklearn\datasets\__init__.py,99,48,92,0,5,2,0.0,100.0
clones/scikit-learn/scikit-learn\sklearn\datasets\tests\conftest.py,77,53,52,0,2,21,1.0,65.79967334745648
clones/scikit-learn/scikit-learn\sklearn\datasets\tests\test_20news.py,138,82,87,16,6,29,5.142857142857143,60.70330485674878
clones/scikit-learn/scikit-learn\sklearn\datasets\tests\test_base.py,234,148,174,16,0,44,3.7222222222222223,43.66034123696188
clones/scikit-learn/scikit-learn\sklearn\datasets\tests\test_california_housing.py,37,22,23,3,3,8,3.0,84.19357894727763
clones/scikit-learn/scikit-learn\sklearn\datasets\tests\test_common.py,123,69,95,5,0,24,3.6666666666666665,53.48949357317071
clones/scikit-learn/scikit-learn\sklearn\datasets\tests\test_covtype.py,50,31,32,2,3,13,4.666666666666667,72.72641447915152
clones/scikit-learn/scikit-learn\sklearn\datasets\tests\test_kddcup99.py,60,29,41,0,6,13,2.4,74.81630958999695
clones/scikit-learn/scikit-learn\sklearn\datasets\tests\test_lfw.py,196,100,125,18,7,44,3.4285714285714284,61.76496949045083
clones/scikit-learn/scikit-learn\sklearn\datasets\tests\test_olivetti_faces.py,26,15,14,1,3,8,7.0,88.66439927809864
clones/scikit-learn/scikit-learn\sklearn\datasets\tests\test_openml.py,1313,768,976,112,2,226,3.8275862068965516,9.051115287877913
clones/scikit-learn/scikit-learn\sklearn\datasets\tests\test_rcv1.py,65,49,41,8,3,13,12.0,74.17873741679873
clones/scikit-learn/scikit-learn\sklearn\datasets\tests\test_samples_generator.py,559,313,426,12,4,118,4.21875,17.71996210517563
clones/scikit-learn/scikit-learn\sklearn\datasets\tests\test_svmlight_format.py,521,328,371,42,3,107,2.9615384615384617,35.84218530844639
clones/scikit-learn/scikit-learn\sklearn\datasets\tests\__init__.py,0,0,0,0,0,0,0.0,100.0
clones/scikit-learn/scikit-learn\sklearn\decomposition\setup.py,29,15,21,0,0,8,2.0,65.93097563709513
clones/scikit-learn/scikit-learn\sklearn\decomposition\_base.py,158,61,50,10,69,29,2.5,55.82513156755736
clones/scikit-learn/scikit-learn\sklearn\decomposition\_dict_learning.py,1650,416,522,51,760,320,4.36,21.50967930536177
clones/scikit-learn/scikit-learn\sklearn\decomposition\_factor_analysis.py,414,161,163,14,156,80,3.0,50.83008943962965
clones/scikit-learn/scikit-learn\sklearn\decomposition\_fastica.py,624,216,226,21,251,131,3.8666666666666667,43.65251595293909
clones/scikit-learn/scikit-learn\sklearn\decomposition\_incremental_pca.py,358,104,119,8,171,59,6.0,49.902260688957675
clones/scikit-learn/scikit-learn\sklearn\decomposition\_kernel_pca.py,373,125,132,34,136,70,2.6363636363636362,52.77615718735598
clones/scikit-learn/scikit-learn\sklearn\decomposition\_lda.py,837,281,313,35,315,172,3.588235294117647,40.04556620211935
clones/scikit-learn/scikit-learn\sklearn\decomposition\_nmf.py,1392,483,536,82,469,302,6.045454545454546,24.469980665086236
clones/scikit-learn/scikit-learn\sklearn\decomposition\_pca.py,616,195,207,42,250,118,4.083333333333333,38.714601679139435
clones/scikit-learn/scikit-learn\sklearn\decomposition\_sparse_pca.py,362,78,99,2,190,70,2.142857142857143,49.93569272564132
clones/scikit-learn/scikit-learn\sklearn\decomposition\_truncated_svd.py,246,70,67,10,123,47,2.2857142857142856,48.17066110698474
clones/scikit-learn/scikit-learn\sklearn\decomposition\__init__.py,41,13,32,0,5,4,0.0,100.0
clones/scikit-learn/scikit-learn\sklearn\decomposition\tests\test_dict_learning.py,575,385,443,26,0,114,2.58974358974359,25.912198173661164
clones/scikit-learn/scikit-learn\sklearn\decomposition\tests\test_factor_analysis.py,119,73,79,21,0,20,11.0,66.58436184273783
clones/scikit-learn/scikit-learn\sklearn\decomposition\tests\test_fastica.py,301,195,204,30,12,55,4.0,48.524249017799875
clones/scikit-learn/scikit-learn\sklearn\decomposition\tests\test_incremental_pca.py,401,251,274,50,0,82,1.894736842105263,48.35715714911329
clones/scikit-learn/scikit-learn\sklearn\decomposition\tests\test_kernel_pca.py,324,174,206,45,5,68,2.5,54.08484530311768
clones/scikit-learn/scikit-learn\sklearn\decomposition\tests\test_nmf.py,612,378,448,53,3,109,2.111111111111111,36.52691411714936
clones/scikit-learn/scikit-learn\sklearn\decomposition\tests\test_online_lda.py,372,219,268,35,0,67,1.9565217391304348,46.427614402143
clones/scikit-learn/scikit-learn\sklearn\decomposition\tests\test_pca.py,641,383,453,76,0,127,2.263157894736842,35.46678594869984
clones/scikit-learn/scikit-learn\sklearn\decomposition\tests\test_sparse_pca.py,204,151,156,22,0,34,2.3333333333333335,52.19524420277416
clones/scikit-learn/scikit-learn\sklearn\decomposition\tests\test_truncated_svd.py,206,132,140,15,0,50,1.9230769230769231,52.249505745493124
clones/scikit-learn/scikit-learn\sklearn\decomposition\tests\__init__.py,0,0,0,0,0,0,0.0,100.0
clones/scikit-learn/scikit-learn\sklearn\ensemble\setup.py,58,20,41,1,0,16,1.0,75.90685978024172
clones/scikit-learn/scikit-learn\sklearn\ensemble\_bagging.py,1077,321,447,40,352,227,3.2666666666666666,39.607306912831106
clones/scikit-learn/scikit-learn\sklearn\ensemble\_base.py,282,114,118,10,87,61,2.625,60.77487622088359
clones/scikit-learn/scikit-learn\sklearn\ensemble\_forest.py,2376,429,690,39,1188,459,3.275,17.21467168601461
clones/scikit-learn/scikit-learn\sklearn\ensemble\_gb.py,1708,455,577,71,757,298,3.488372093023256,17.85669031838321
clones/scikit-learn/scikit-learn\sklearn\ensemble\_gb_losses.py,866,325,335,19,340,167,1.5151515151515151,33.924767391464925
clones/scikit-learn/scikit-learn\sklearn\ensemble\_iforest.py,499,111,159,32,212,98,2.1666666666666665,48.6309599184823
clones/scikit-learn/scikit-learn\sklearn\ensemble\_stacking.py,709,182,224,22,338,121,2.48,40.01311261810177
clones/scikit-learn/scikit-learn\sklearn\ensemble\_voting.py,521,139,146,10,260,101,2.1818181818181817,39.293131697583156
clones/scikit-learn/scikit-learn\sklearn\ensemble\_weight_boosting.py,1175,310,354,64,500,257,2.903225806451613,25.709514539323152
clones/scikit-learn/scikit-learn\sklearn\ensemble\__init__.py,40,22,31,3,4,3,0.0,100.0
clones/scikit-learn/scikit-learn\sklearn\ensemble\tests\test_bagging.py,909,401,634,78,3,191,2.1842105263157894,36.768260284252676
clones/scikit-learn/scikit-learn\sklearn\ensemble\tests\test_base.py,127,71,85,14,3,26,5.25,66.33829908431106
clones/scikit-learn/scikit-learn\sklearn\ensemble\tests\test_common.py,204,98,158,20,0,26,5.4,56.70828528337594
clones/scikit-learn/scikit-learn\sklearn\ensemble\tests\test_forest.py,1379,789,915,131,3,333,2.3875,16.683287323603306
clones/scikit-learn/scikit-learn\sklearn\ensemble\tests\test_gradient_boosting.py,1349,766,916,157,8,274,2.611940298507463,20.53103405074028
clones/scikit-learn/scikit-learn\sklearn\ensemble\tests\test_gradient_boosting_loss_functions.py,313,205,210,46,3,54,4.636363636363637,47.59994926283965
clones/scikit-learn/scikit-learn\sklearn\ensemble\tests\test_iforest.py,346,197,222,41,3,72,2.9375,47.702500955156665
clones/scikit-learn/scikit-learn\sklearn\ensemble\tests\test_stacking.py,502,241,386,38,0,77,2.3333333333333335,43.6296842147623
clones/scikit-learn/scikit-learn\sklearn\ensemble\tests\test_voting.py,543,301,421,17,0,91,2.0,33.4582478439122
clones/scikit-learn/scikit-learn\sklearn\ensemble\tests\test_weight_boosting.py,580,323,375,69,9,123,3.3,41.05277470486023
clones/scikit-learn/scikit-learn\sklearn\ensemble\tests\__init__.py,0,0,0,0,0,0,0.0,100.0
clones/scikit-learn/scikit-learn\sklearn\ensemble\_hist_gradient_boosting\binning.py,297,96,105,17,131,44,4.833333333333333,53.69748931118599
clones/scikit-learn/scikit-learn\sklearn\ensemble\_hist_gradient_boosting\gradient_boosting.py,1477,471,672,109,490,212,4.27027027027027,25.23532695164093
clones/scikit-learn/scikit-learn\sklearn\ensemble\_hist_gradient_boosting\grower.py,619,271,349,42,146,83,4.3125,45.736061084889606
clones/scikit-learn/scikit-learn\sklearn\ensemble\_hist_gradient_boosting\loss.py,426,171,187,59,92,85,1.4054054054054055,53.717227906340206
clones/scikit-learn/scikit-learn\sklearn\ensemble\_hist_gradient_boosting\predictor.py,108,31,28,1,59,18,1.1428571428571428,100.0
clones/scikit-learn/scikit-learn\sklearn\ensemble\_hist_gradient_boosting\__init__.py,5,1,0,0,4,1,0.0,100.0
clones/scikit-learn/scikit-learn\sklearn\ensemble\_hist_gradient_boosting\tests\test_binning.py,420,220,302,30,0,94,2.9047619047619047,38.31095053101952
clones/scikit-learn/scikit-learn\sklearn\ensemble\_hist_gradient_boosting\tests\test_bitset.py,58,31,49,0,0,9,6.0,54.413993128837895
clones/scikit-learn/scikit-learn\sklearn\ensemble\_hist_gradient_boosting\tests\test_compare_lightgbm.py,220,101,138,41,0,42,6.666666666666667,60.716700004522565
clones/scikit-learn/scikit-learn\sklearn\ensemble\_hist_gradient_boosting\tests\test_gradient_boosting.py,980,460,651,186,0,171,2.638888888888889,37.47999678929487
clones/scikit-learn/scikit-learn\sklearn\ensemble\_hist_gradient_boosting\tests\test_grower.py,531,271,352,71,5,106,6.142857142857143,37.55081814315805
clones/scikit-learn/scikit-learn\sklearn\ensemble\_hist_gradient_boosting\tests\test_histogram.py,202,131,164,8,0,30,3.25,53.64474997037516
clones/scikit-learn/scikit-learn\sklearn\ensemble\_hist_gradient_boosting\tests\test_loss.py,333,192,232,50,2,56,4.2,49.78502470556506
clones/scikit-learn/scikit-learn\sklearn\ensemble\_hist_gradient_boosting\tests\test_monotonic_contraints.py,347,163,210,91,0,53,3.7777777777777777,55.22418808261652
clones/scikit-learn/scikit-learn\sklearn\ensemble\_hist_gradient_boosting\tests\test_predictor.py,162,82,109,19,0,34,2.3333333333333335,66.51043302640296
clones/scikit-learn/scikit-learn\sklearn\ensemble\_hist_gradient_boosting\tests\test_splitting.py,731,282,585,206,0,95,6.125,45.71996809215311
clones/scikit-learn/scikit-learn\sklearn\ensemble\_hist_gradient_boosting\tests\test_warm_start.py,206,104,138,35,0,38,2.625,63.07376187145212
clones/scikit-learn/scikit-learn\sklearn\ensemble\_hist_gradient_boosting\tests\__init__.py,0,0,0,0,0,0,0.0,100.0
clones/scikit-learn/scikit-learn\sklearn\experimental\enable_halving_search_cv.py,35,6,10,1,15,9,0.0,92.69340499498827
clones/scikit-learn/scikit-learn\sklearn\experimental\enable_hist_gradient_boosting.py,36,6,11,1,15,9,0.0,95.67170184112172
clones/scikit-learn/scikit-learn\sklearn\experimental\enable_iterative_imputer.py,20,5,4,1,10,5,0.0,71.38796113129203
clones/scikit-learn/scikit-learn\sklearn\experimental\__init__.py,7,1,0,0,6,1,0.0,100.0
clones/scikit-learn/scikit-learn\sklearn\experimental\tests\test_enable_hist_gradient_boosting.py,45,10,28,5,0,11,1.0,100.0
clones/scikit-learn/scikit-learn\sklearn\experimental\tests\test_enable_iterative_imputer.py,39,10,23,5,0,10,1.0,100.0
clones/scikit-learn/scikit-learn\sklearn\experimental\tests\test_enable_successive_halving.py,43,10,27,5,0,10,1.0,100.0
clones/scikit-learn/scikit-learn\sklearn\experimental\tests\__init__.py,0,0,0,0,0,0,0.0,100.0
clones/scikit-learn/scikit-learn\sklearn\externals\conftest.py,7,2,2,4,0,1,1.0,100.0
clones/scikit-learn/scikit-learn\sklearn\externals\_arff.py,1125,529,565,100,235,218,3.611940298507463,23.09139140720655
clones/scikit-learn/scikit-learn\sklearn\externals\_lobpcg.py,727,388,382,50,151,144,8.666666666666666,39.305348440419415
clones/scikit-learn/scikit-learn\sklearn\externals\_pep562.py,58,23,18,0,22,15,2.25,100.0
clones/scikit-learn/scikit-learn\sklearn\externals\_pilutil.py,504,169,171,20,226,90,9.166666666666666,40.21076524492044
clones/scikit-learn/scikit-learn\sklearn\externals\__init__.py,5,1,0,0,3,2,0.0,100.0
clones/scikit-learn/scikit-learn\sklearn\feature_extraction\image.py,550,196,204,16,235,94,3.066666666666667,44.462026953187326
clones/scikit-learn/scikit-learn\sklearn\feature_extraction\setup.py,21,13,16,0,0,5,3.0,66.96033565031739
clones/scikit-learn/scikit-learn\sklearn\feature_extraction\text.py,1878,596,656,56,817,346,3.2153846153846155,10.279610521861459
clones/scikit-learn/scikit-learn\sklearn\feature_extraction\_dict_vectorizer.py,426,174,179,15,152,79,5.833333333333333,51.028228348596805
clones/scikit-learn/scikit-learn\sklearn\feature_extraction\_hash.py,173,52,56,6,78,33,2.75,60.69363049905472
clones/scikit-learn/scikit-learn\sklearn\feature_extraction\_stop_words.py,45,1,42,3,0,0,0.0,100.0
clones/scikit-learn/scikit-learn\sklearn\feature_extraction\__init__.py,13,6,6,0,5,2,0.0,100.0
clones/scikit-learn/scikit-learn\sklearn\feature_extraction\tests\test_dict_vectorizer.py,167,111,121,9,0,37,4.444444444444445,48.78979668129098
clones/scikit-learn/scikit-learn\sklearn\feature_extraction\tests\test_feature_hasher.py,171,110,121,8,0,43,3.6363636363636362,47.05685240197782
clones/scikit-learn/scikit-learn\sklearn\feature_extraction\tests\test_image.py,335,241,240,24,0,73,2.4347826086956523,37.16611115610653
clones/scikit-learn/scikit-learn\sklearn\feature_extraction\tests\__init__.py,0,0,0,0,0,0,0.0,100.0
clones/scikit-learn/scikit-learn\sklearn\feature_selection\_base.py,206,79,93,8,75,29,4.0,66.38150219963482
clones/scikit-learn/scikit-learn\sklearn\feature_selection\_from_model.py,289,102,119,7,113,49,3.5555555555555554,60.08024455806403
clones/scikit-learn/scikit-learn\sklearn\feature_selection\_mutual_info.py,449,134,131,7,226,85,4.285714285714286,41.39307294113147
clones/scikit-learn/scikit-learn\sklearn\feature_selection\_rfe.py,634,172,190,41,288,117,2.176470588235294,40.6547413345443
clones/scikit-learn/scikit-learn\sklearn\feature_selection\_sequential.py,213,66,85,6,87,35,3.3333333333333335,65.76138117596412
clones/scikit-learn/scikit-learn\sklearn\feature_selection\_univariate_selection.py,840,222,220,36,417,167,2.121212121212121,25.073641970631254
clones/scikit-learn/scikit-learn\sklearn\feature_selection\_variance_threshold.py,103,36,36,5,41,22,2.6,70.79331774975843
clones/scikit-learn/scikit-learn\sklearn\feature_selection\__init__.py,49,19,35,0,5,9,0.0,100.0
clones/scikit-learn/scikit-learn\sklearn\feature_selection\tests\test_base.py,119,81,80,10,0,28,2.0,62.07177038779777
clones/scikit-learn/scikit-learn\sklearn\feature_selection\tests\test_chi2.py,96,55,57,13,4,21,1.5,78.29826034934406
clones/scikit-learn/scikit-learn\sklearn\feature_selection\tests\test_feature_select.py,669,425,463,84,3,122,2.4411764705882355,37.274226580354046
clones/scikit-learn/scikit-learn\sklearn\feature_selection\tests\test_from_model.py,389,237,283,22,0,85,1.9,41.00076036338696
clones/scikit-learn/scikit-learn\sklearn\feature_selection\tests\test_mutual_info.py,209,111,127,37,0,45,2.25,58.66709725342363
clones/scikit-learn/scikit-learn\sklearn\feature_selection\tests\test_rfe.py,490,309,337,52,6,98,2.2962962962962963,41.51517674841274
clones/scikit-learn/scikit-learn\sklearn\feature_selection\tests\test_sequential.py,134,80,96,17,0,26,1.625,66.11903639290605
clones/scikit-learn/scikit-learn\sklearn\feature_selection\tests\test_variance_threshold.py,60,33,36,8,0,16,2.25,80.63501353552299
clones/scikit-learn/scikit-learn\sklearn\feature_selection\tests\__init__.py,0,0,0,0,0,0,0.0,100.0
clones/scikit-learn/scikit-learn\sklearn\gaussian_process\kernels.py,2312,731,754,44,1094,412,2.4262295081967213,0.0
clones/scikit-learn/scikit-learn\sklearn\gaussian_process\_gpc.py,807,240,293,68,327,133,4.733333333333333,35.88023335978542
clones/scikit-learn/scikit-learn\sklearn\gaussian_process\_gpr.py,520,189,218,42,185,87,6.625,47.98201655744276
clones/scikit-learn/scikit-learn\sklearn\gaussian_process\__init__.py,19,5,5,5,4,5,0.0,100.0
clones/scikit-learn/scikit-learn\sklearn\gaussian_process\tests\test_gpc.py,249,129,176,19,0,54,1.8461538461538463,50.533393755608465
clones/scikit-learn/scikit-learn\sklearn\gaussian_process\tests\test_gpr.py,545,275,344,55,25,122,2.04,44.638300984780216
clones/scikit-learn/scikit-learn\sklearn\gaussian_process\tests\test_kernels.py,364,208,248,57,0,63,3.5294117647058822,45.52828060313132
clones/scikit-learn/scikit-learn\sklearn\gaussian_process\tests\_mini_sequence_kernel.py,51,30,38,0,4,9,3.25,72.87162359396613
clones/scikit-learn/scikit-learn\sklearn\gaussian_process\tests\__init__.py,0,0,0,0,0,0,0.0,100.0
clones/scikit-learn/scikit-learn\sklearn\impute\_base.py,845,350,395,46,244,156,4.84,36.145157802860574
clones/scikit-learn/scikit-learn\sklearn\impute\_iterative.py,758,236,309,19,306,124,5.7272727272727275,42.94915989237757
clones/scikit-learn/scikit-learn\sklearn\impute\_knn.py,301,102,116,22,104,59,3.2,62.39411225105821
clones/scikit-learn/scikit-learn\sklearn\impute\__init__.py,16,7,10,3,0,3,0.0,100.0
clones/scikit-learn/scikit-learn\sklearn\impute\tests\test_base.py,88,64,64,0,0,24,1.2352941176470589,100.0
clones/scikit-learn/scikit-learn\sklearn\impute\tests\test_common.py,115,61,83,11,0,22,1.0,73.21988095688587
clones/scikit-learn/scikit-learn\sklearn\impute\tests\test_impute.py,1476,742,1101,108,5,275,2.433333333333333,18.708917000551686
clones/scikit-learn/scikit-learn\sklearn\impute\tests\test_knn.py,641,241,502,31,0,108,1.2666666666666666,40.885806234045525
clones/scikit-learn/scikit-learn\sklearn\impute\tests\__init__.py,0,0,0,0,0,0,0.0,100.0
clones/scikit-learn/scikit-learn\sklearn\inspection\setup.py,17,10,10,0,0,7,1.0,73.1756852057256
clones/scikit-learn/scikit-learn\sklearn\inspection\_partial_dependence.py,522,160,232,49,163,79,16.25,49.3287443913705
clones/scikit-learn/scikit-learn\sklearn\inspection\_permutation_importance.py,156,44,47,11,68,28,2.6666666666666665,65.13160783587153
clones/scikit-learn/scikit-learn\sklearn\inspection\__init__.py,16,6,10,0,0,5,0.0,100.0
clones/scikit-learn/scikit-learn\sklearn\inspection\tests\test_partial_dependence.py,719,320,520,87,3,114,2.5,42.08673489961481
clones/scikit-learn/scikit-learn\sklearn\inspection\tests\test_permutation_importance.py,437,215,255,97,0,86,3.6363636363636362,51.94155248558893
clones/scikit-learn/scikit-learn\sklearn\inspection\tests\__init__.py,0,0,0,0,0,0,0.0,100.0
clones/scikit-learn/scikit-learn\sklearn\inspection\_plot\partial_dependence.py,989,267,436,40,385,137,9.777777777777779,39.95864158362617
clones/scikit-learn/scikit-learn\sklearn\inspection\_plot\__init__.py,0,0,0,0,0,0,0.0,100.0
clones/scikit-learn/scikit-learn\sklearn\inspection\_plot\tests\test_plot_partial_dependence.py,590,303,461,31,0,97,6.944444444444445,22.89951642022206
clones/scikit-learn/scikit-learn\sklearn\inspection\_plot\tests\__init__.py,0,0,0,0,0,0,0.0,100.0
clones/scikit-learn/scikit-learn\sklearn\linear_model\setup.py,44,21,29,2,0,13,2.0,77.8806219097497
clones/scikit-learn/scikit-learn\sklearn\linear_model\_base.py,642,245,258,38,226,119,3.9,44.610786499115484
clones/scikit-learn/scikit-learn\sklearn\linear_model\_bayes.py,694,225,257,41,261,134,3.6666666666666665,42.06238202287903
clones/scikit-learn/scikit-learn\sklearn\linear_model\_coordinate_descent.py,2458,558,661,99,1198,499,4.162790697674419,3.8626880030406694
clones/scikit-learn/scikit-learn\sklearn\linear_model\_huber.py,307,101,108,20,121,58,4.5,53.07271710488372
clones/scikit-learn/scikit-learn\sklearn\linear_model\_least_angle.py,1904,514,604,97,844,370,6.136363636363637,15.725930481308923
clones/scikit-learn/scikit-learn\sklearn\linear_model\_logistic.py,2096,654,768,100,854,376,8.714285714285714,13.035665549124616
clones/scikit-learn/scikit-learn\sklearn\linear_model\_omp.py,919,330,344,20,392,169,9.272727272727273,31.961237361189973
clones/scikit-learn/scikit-learn\sklearn\linear_model\_passive_aggressive.py,470,40,94,2,277,97,2.125,39.553672458347734
clones/scikit-learn/scikit-learn\sklearn\linear_model\_perceptron.py,171,7,18,2,110,41,1.5,100.0
clones/scikit-learn/scikit-learn\sklearn\linear_model\_ransac.py,512,173,215,25,173,100,7.285714285714286,50.307788779194716
clones/scikit-learn/scikit-learn\sklearn\linear_model\_ridge.py,1971,709,809,93,701,368,3.45,15.423056274115938
clones/scikit-learn/scikit-learn\sklearn\linear_model\_sag.py,344,92,117,16,146,64,11.0,53.66751033852424
clones/scikit-learn/scikit-learn\sklearn\linear_model\_stochastic_gradient.py,1595,500,704,52,555,283,3.1458333333333335,27.121996084228364
clones/scikit-learn/scikit-learn\sklearn\linear_model\_theil_sen.py,400,133,145,10,172,76,4.0,52.00583057517609
clones/scikit-learn/scikit-learn\sklearn\linear_model\__init__.py,80,18,70,3,3,4,0.0,100.0
clones/scikit-learn/scikit-learn\sklearn\linear_model\tests\test_base.py,610,424,448,38,0,126,3.869565217391304,27.209642458337783
clones/scikit-learn/scikit-learn\sklearn\linear_model\tests\test_bayes.py,284,159,162,42,13,66,1.4,58.810056806143535
clones/scikit-learn/scikit-learn\sklearn\linear_model\tests\test_coordinate_descent.py,1216,757,861,133,4,231,2.7547169811320753,22.441346790235066
clones/scikit-learn/scikit-learn\sklearn\linear_model\tests\test_huber.py,211,127,139,26,0,46,1.6363636363636365,56.67661743954604
clones/scikit-learn/scikit-learn\sklearn\linear_model\tests\test_least_angle.py,776,418,491,149,7,135,2.7222222222222223,36.725919068133756
clones/scikit-learn/scikit-learn\sklearn\linear_model\tests\test_logistic.py,1871,1056,1311,212,18,335,3.0,12.099394189038927
clones/scikit-learn/scikit-learn\sklearn\linear_model\tests\test_omp.py,232,167,175,11,0,46,2.4444444444444446,42.38828872514357
clones/scikit-learn/scikit-learn\sklearn\linear_model\tests\test_passive_aggressive.py,281,190,208,11,0,62,3.6842105263157894,35.888700073382864
clones/scikit-learn/scikit-learn\sklearn\linear_model\tests\test_perceptron.py,91,65,63,2,0,25,2.0,54.9828159417705
clones/scikit-learn/scikit-learn\sklearn\linear_model\tests\test_ransac.py,515,293,358,36,0,121,2.375,38.0780021598663
clones/scikit-learn/scikit-learn\sklearn\linear_model\tests\test_ridge.py,1393,860,997,111,0,283,2.9833333333333334,12.970861334586628
clones/scikit-learn/scikit-learn\sklearn\linear_model\tests\test_sag.py,848,544,659,35,0,145,2.68,21.804811446287495
clones/scikit-learn/scikit-learn\sklearn\linear_model\tests\test_sgd.py,1627,905,1098,199,0,343,2.116504854368932,15.115284457800252
clones/scikit-learn/scikit-learn\sklearn\linear_model\tests\test_sparse_coordinate_descent.py,300,206,217,28,0,61,2.0714285714285716,48.66094032990605
clones/scikit-learn/scikit-learn\sklearn\linear_model\tests\test_theil_sen.py,284,197,204,31,3,46,1.3333333333333333,51.095121586143264
clones/scikit-learn/scikit-learn\sklearn\linear_model\tests\__init__.py,0,0,0,0,0,0,0.0,100.0
clones/scikit-learn/scikit-learn\sklearn\linear_model\_glm\glm.py,674,188,229,28,296,120,2.9523809523809526,41.188656938741396
clones/scikit-learn/scikit-learn\sklearn\linear_model\_glm\link.py,110,49,40,2,31,33,1.2,76.23808460503159
clones/scikit-learn/scikit-learn\sklearn\linear_model\_glm\__init__.py,15,2,12,1,0,2,0.0,100.0
clones/scikit-learn/scikit-learn\sklearn\linear_model\_glm\tests\test_glm.py,431,260,308,40,2,71,1.7272727272727273,47.156675027355085
clones/scikit-learn/scikit-learn\sklearn\linear_model\_glm\tests\test_link.py,45,24,29,7,0,8,2.5,80.29353339932538
clones/scikit-learn/scikit-learn\sklearn\linear_model\_glm\tests\__init__.py,1,0,0,1,0,0,0.0,100.0
clones/scikit-learn/scikit-learn\sklearn\manifold\setup.py,34,15,23,0,0,11,2.0,65.93097563709513
clones/scikit-learn/scikit-learn\sklearn\manifold\_isomap.py,272,61,71,6,135,59,1.2857142857142858,50.48918317883416
clones/scikit-learn/scikit-learn\sklearn\manifold\_locally_linear.py,734,269,277,41,277,141,4.8,40.93041496289169
clones/scikit-learn/scikit-learn\sklearn\manifold\_mds.py,461,123,146,12,211,93,3.75,46.135486314520676
clones/scikit-learn/scikit-learn\sklearn\manifold\_spectral_embedding.py,602,204,228,61,224,89,5.090909090909091,42.9163003666816
clones/scikit-learn/scikit-learn\sklearn\manifold\_t_sne.py,949,279,349,73,360,167,6.5,35.5774681179318
clones/scikit-learn/scikit-learn\sklearn\manifold\__init__.py,13,7,8,0,3,2,0.0,100.0
clones/scikit-learn/scikit-learn\sklearn\manifold\tests\test_isomap.py,188,97,121,23,0,44,2.5,59.76152737832768
clones/scikit-learn/scikit-learn\sklearn\manifold\tests\test_locally_linear.py,146,84,100,17,0,30,3.142857142857143,58.776529041145245
clones/scikit-learn/scikit-learn\sklearn\manifold\tests\test_mds.py,85,36,61,8,0,16,1.2,71.48308092287505
clones/scikit-learn/scikit-learn\sklearn\manifold\tests\test_spectral_embedding.py,357,205,261,39,2,55,2.5,47.23808436622221
clones/scikit-learn/scikit-learn\sklearn\manifold\tests\test_t_sne.py,956,581,682,96,9,167,2.26,29.50363507689245
clones/scikit-learn/scikit-learn\sklearn\manifold\tests\__init__.py,0,0,0,0,0,0,0.0,100.0
clones/scikit-learn/scikit-learn\sklearn\metrics\pairwise.py,1948,479,549,82,899,427,4.588235294117647,10.051795458637478
clones/scikit-learn/scikit-learn\sklearn\metrics\setup.py,28,16,18,0,0,10,2.0,65.3195580684234
clones/scikit-learn/scikit-learn\sklearn\metrics\_base.py,251,84,95,19,89,48,9.666666666666666,58.64203718765601
clones/scikit-learn/scikit-learn\sklearn\metrics\_classification.py,2506,586,689,72,1301,447,6.916666666666667,0.272782705564521
clones/scikit-learn/scikit-learn\sklearn\metrics\_ranking.py,1717,383,458,64,877,318,5.2105263157894735,12.756746923857008
clones/scikit-learn/scikit-learn\sklearn\metrics\_regression.py,898,188,232,26,467,173,4.333333333333333,26.345398621250766
clones/scikit-learn/scikit-learn\sklearn\metrics\_scorer.py,739,258,359,20,235,124,4.4,44.136136160486764
clones/scikit-learn/scikit-learn\sklearn\metrics\__init__.py,172,79,156,0,4,12,0.0,100.0
clones/scikit-learn/scikit-learn\sklearn\metrics\cluster\setup.py,24,14,17,0,0,7,2.0,66.58459231433994
clones/scikit-learn/scikit-learn\sklearn\metrics\cluster\_bicluster.py,86,37,36,0,26,22,1.75,78.62716055792397
clones/scikit-learn/scikit-learn\sklearn\metrics\cluster\_supervised.py,1123,192,208,41,613,260,2.933333333333333,8.2060492090794
clones/scikit-learn/scikit-learn\sklearn\metrics\cluster\_unsupervised.py,363,104,106,10,168,78,2.8333333333333335,47.65747491195872
clones/scikit-learn/scikit-learn\sklearn\metrics\cluster\__init__.py,35,21,27,0,6,2,0.0,100.0
clones/scikit-learn/scikit-learn\sklearn\metrics\cluster\tests\test_bicluster.py,50,33,35,1,0,12,5.0,59.02148118536793
clones/scikit-learn/scikit-learn\sklearn\metrics\cluster\tests\test_common.py,213,110,152,30,0,31,3.375,57.681183768375384
clones/scikit-learn/scikit-learn\sklearn\metrics\cluster\tests\test_supervised.py,449,260,334,44,0,75,2.5185185185185186,37.86515517178706
clones/scikit-learn/scikit-learn\sklearn\metrics\cluster\tests\test_unsupervised.py,252,126,165,38,0,47,2.6363636363636362,53.57637004323265
clones/scikit-learn/scikit-learn\sklearn\metrics\cluster\tests\__init__.py,0,0,0,0,0,0,0.0,100.0
clones/scikit-learn/scikit-learn\sklearn\metrics\tests\test_classification.py,2360,1174,1717,226,4,418,3.5925925925925926,0.0
clones/scikit-learn/scikit-learn\sklearn\metrics\tests\test_common.py,1531,630,1103,141,14,288,2.261904761904762,28.819672566885
clones/scikit-learn/scikit-learn\sklearn\metrics\tests\test_pairwise.py,1340,829,926,181,0,234,2.689655172413793,21.214891356727996
clones/scikit-learn/scikit-learn\sklearn\metrics\tests\test_ranking.py,1747,956,1291,154,24,277,2.6285714285714286,12.512521977300073
clones/scikit-learn/scikit-learn\sklearn\metrics\tests\test_regression.py,332,208,255,20,0,57,2.3636363636363638,40.79982626206251
clones/scikit-learn/scikit-learn\sklearn\metrics\tests\test_score_objects.py,975,534,676,89,24,181,2.4545454545454546,31.739139718397144
clones/scikit-learn/scikit-learn\sklearn\metrics\tests\__init__.py,0,0,0,0,0,0,0.0,100.0
clones/scikit-learn/scikit-learn\sklearn\metrics\_plot\base.py,114,44,50,1,41,23,7.5,73.27310113535314
clones/scikit-learn/scikit-learn\sklearn\metrics\_plot\confusion_matrix.py,274,68,84,1,133,56,5.5,56.89560167939872
clones/scikit-learn/scikit-learn\sklearn\metrics\_plot\det_curve.py,229,48,72,0,107,50,4.25,63.83686232149469
clones/scikit-learn/scikit-learn\sklearn\metrics\_plot\precision_recall_curve.py,225,51,64,0,109,52,4.5,58.22822233912583
clones/scikit-learn/scikit-learn\sklearn\metrics\_plot\roc_curve.py,230,50,60,0,117,53,4.5,53.20891300207351
clones/scikit-learn/scikit-learn\sklearn\metrics\_plot\__init__.py,0,0,0,0,0,0,0.0,100.0
clones/scikit-learn/scikit-learn\sklearn\metrics\_plot\tests\test_plot_confusion_matrix.py,336,203,236,16,5,79,3.75,42.02184797710961
clones/scikit-learn/scikit-learn\sklearn\metrics\_plot\tests\test_plot_curve_common.py,103,63,81,4,0,18,1.8333333333333333,59.79456693493768
clones/scikit-learn/scikit-learn\sklearn\metrics\_plot\tests\test_plot_det_curve.py,84,50,65,2,0,18,5.0,57.22083750925951
clones/scikit-learn/scikit-learn\sklearn\metrics\_plot\tests\test_plot_precision_recall.py,240,144,182,17,0,42,4.5,47.80294861359556
clones/scikit-learn/scikit-learn\sklearn\metrics\_plot\tests\test_plot_roc_curve.py,173,101,133,9,0,32,4.666666666666667,50.70076708804695
clones/scikit-learn/scikit-learn\sklearn\metrics\_plot\tests\__init__.py,0,0,0,0,0,0,0.0,100.0
clones/scikit-learn/scikit-learn\sklearn\mixture\_base.py,536,206,220,9,194,109,2.423076923076923,46.83132840264806
clones/scikit-learn/scikit-learn\sklearn\mixture\_bayesian_mixture.py,794,200,271,33,334,154,2.0434782608695654,39.30510348687927
clones/scikit-learn/scikit-learn\sklearn\mixture\_gaussian_mixture.py,767,223,255,13,327,166,2.5555555555555554,37.81062835263235
clones/scikit-learn/scikit-learn\sklearn\mixture\__init__.py,10,4,4,0,3,3,0.0,100.0
clones/scikit-learn/scikit-learn\sklearn\mixture\tests\test_bayesian_mixture.py,488,241,361,43,0,88,2.375,42.83728451910313
clones/scikit-learn/scikit-learn\sklearn\mixture\tests\test_gaussian_mixture.py,1039,592,789,76,0,178,3.8055555555555554,19.344139087167488
clones/scikit-learn/scikit-learn\sklearn\mixture\tests\test_mixture.py,23,12,16,3,0,4,2.0,94.30240569922275
clones/scikit-learn/scikit-learn\sklearn\mixture\tests\__init__.py,0,0,0,0,0,0,0.0,100.0
clones/scikit-learn/scikit-learn\sklearn\model_selection\_search.py,1621,383,485,60,765,306,3.236842105263158,20.519623146347477
clones/scikit-learn/scikit-learn\sklearn\model_selection\_search_successive_halving.py,910,168,265,35,445,165,4.235294117647059,32.776682688951475
clones/scikit-learn/scikit-learn\sklearn\model_selection\_split.py,2252,535,609,53,1167,418,2.876543209876543,0.0
clones/scikit-learn/scikit-learn\sklearn\model_selection\_validation.py,1676,430,537,47,755,336,8.055555555555555,18.586705678577257
clones/scikit-learn/scikit-learn\sklearn\model_selection\__init__.py,69,32,61,3,0,6,0.0,100.0
clones/scikit-learn/scikit-learn\sklearn\model_selection\tests\common.py,23,15,12,0,3,6,1.5,100.0
clones/scikit-learn/scikit-learn\sklearn\model_selection\tests\test_search.py,2119,1256,1437,215,51,411,3.142857142857143,0.0
clones/scikit-learn/scikit-learn\sklearn\model_selection\tests\test_split.py,1660,937,1145,207,0,320,3.621212121212121,7.991904245722806
clones/scikit-learn/scikit-learn\sklearn\model_selection\tests\test_successive_halving.py,564,252,399,95,3,96,4.588235294117647,41.84633390651761
clones/scikit-learn/scikit-learn\sklearn\model_selection\tests\test_validation.py,1987,1161,1443,170,11,359,2.5145631067961167,5.268689454063387
clones/scikit-learn/scikit-learn\sklearn\model_selection\tests\__init__.py,0,0,0,0,0,0,0.0,100.0
clones/scikit-learn/scikit-learn\sklearn\neighbors\setup.py,41,15,32,0,0,9,2.0,69.33443681312195
clones/scikit-learn/scikit-learn\sklearn\neighbors\_base.py,1171,529,620,50,308,191,8.727272727272727,24.826680697559276
clones/scikit-learn/scikit-learn\sklearn\neighbors\_classification.py,616,184,202,19,275,120,5.8,42.380662324494494
clones/scikit-learn/scikit-learn\sklearn\neighbors\_graph.py,561,77,98,5,343,112,1.5,22.290107787943803
clones/scikit-learn/scikit-learn\sklearn\neighbors\_kde.py,291,99,106,17,121,47,3.25,55.10904175234196
clones/scikit-learn/scikit-learn\sklearn\neighbors\_lof.py,526,95,115,11,293,107,1.8333333333333333,29.23346233155156
clones/scikit-learn/scikit-learn\sklearn\neighbors\_nca.py,527,171,202,31,201,96,5.444444444444445,48.18171688202103
clones/scikit-learn/scikit-learn\sklearn\neighbors\_nearest_centroid.py,206,77,79,18,79,32,5.25,60.29201240457121
clones/scikit-learn/scikit-learn\sklearn\neighbors\_regression.py,426,75,90,14,234,88,2.8,32.74795179808372
clones/scikit-learn/scikit-learn\sklearn\neighbors\_unsupervised.py,142,13,19,0,93,29,1.3333333333333333,100.0
clones/scikit-learn/scikit-learn\sklearn\neighbors\__init__.py,37,15,31,0,4,2,0.0,100.0
clones/scikit-learn/scikit-learn\sklearn\neighbors\tests\test_ball_tree.py,85,55,67,0,0,17,1.5,48.960338938976356
clones/scikit-learn/scikit-learn\sklearn\neighbors\tests\test_dist_metrics.py,203,126,142,8,0,53,1.4375,48.77632705802362
clones/scikit-learn/scikit-learn\sklearn\neighbors\tests\test_graph.py,79,61,58,5,0,15,8.666666666666666,55.83593008535792
clones/scikit-learn/scikit-learn\sklearn\neighbors\tests\test_kde.py,250,161,180,24,0,47,3.25,46.32454018496629
clones/scikit-learn/scikit-learn\sklearn\neighbors\tests\test_kd_tree.py,21,11,15,0,0,5,1.0,100.0
clones/scikit-learn/scikit-learn\sklearn\neighbors\tests\test_lof.py,232,135,144,35,0,52,2.1666666666666665,55.817748585676945
clones/scikit-learn/scikit-learn\sklearn\neighbors\tests\test_nca.py,534,288,359,55,22,97,2.111111111111111,46.365884237810874
clones/scikit-learn/scikit-learn\sklearn\neighbors\tests\test_nearest_centroid.py,162,106,106,19,3,35,1.6,61.28423910401837
clones/scikit-learn/scikit-learn\sklearn\neighbors\tests\test_neighbors.py,1744,1011,1263,145,7,337,2.9206349206349205,12.054177809046887
clones/scikit-learn/scikit-learn\sklearn\neighbors\tests\test_neighbors_pipeline.py,223,111,151,19,6,47,1.25,62.933914702317416
clones/scikit-learn/scikit-learn\sklearn\neighbors\tests\test_neighbors_tree.py,279,183,203,8,0,70,2.076923076923077,38.51298894871025
clones/scikit-learn/scikit-learn\sklearn\neighbors\tests\test_quad_tree.py,144,85,85,24,0,35,3.8,63.145165876374534
clones/scikit-learn/scikit-learn\sklearn\neighbors\tests\__init__.py,0,0,0,0,0,0,0.0,100.0
clones/scikit-learn/scikit-learn\sklearn\neural_network\_base.py,228,57,48,4,115,61,1.1666666666666667,39.538801586914325
clones/scikit-learn/scikit-learn\sklearn\neural_network\_multilayer_perceptron.py,1421,417,533,78,539,269,4.580645161290323,23.290949190987373
clones/scikit-learn/scikit-learn\sklearn\neural_network\_rbm.py,392,121,139,8,172,75,1.8461538461538463,52.56569785892319
clones/scikit-learn/scikit-learn\sklearn\neural_network\_stochastic_optimizers.py,270,72,73,2,137,58,3.076923076923077,43.83754947995179
clones/scikit-learn/scikit-learn\sklearn\neural_network\__init__.py,15,5,6,1,4,4,0.0,100.0
clones/scikit-learn/scikit-learn\sklearn\neural_network\tests\test_base.py,26,13,18,2,0,6,2.0,100.0
clones/scikit-learn/scikit-learn\sklearn\neural_network\tests\test_mlp.py,794,460,530,114,3,147,3.0,33.25137240752348
clones/scikit-learn/scikit-learn\sklearn\neural_network\tests\test_rbm.py,233,142,163,23,0,48,1.5714285714285714,57.75687424755912
clones/scikit-learn/scikit-learn\sklearn\neural_network\tests\test_stochastic_optimizers.py,108,74,83,0,0,25,7.666666666666667,33.6635665901985
clones/scikit-learn/scikit-learn\sklearn\neural_network\tests\__init__.py,0,0,0,0,0,0,0.0,100.0
clones/scikit-learn/scikit-learn\sklearn\preprocessing\setup.py,20,11,14,0,0,6,2.0,72.27274666021094
clones/scikit-learn/scikit-learn\sklearn\preprocessing\_data.py,3395,954,1320,140,1324,630,3.375,0.0
clones/scikit-learn/scikit-learn\sklearn\preprocessing\_discretization.py,353,132,145,17,125,67,6.5,54.506810950141734
clones/scikit-learn/scikit-learn\sklearn\preprocessing\_encoders.py,844,314,364,43,297,143,6.15,35.445012489263085
clones/scikit-learn/scikit-learn\sklearn\preprocessing\_function_transformer.py,175,48,49,0,86,39,1.9,58.402756004776094
clones/scikit-learn/scikit-learn\sklearn\preprocessing\_label.py,902,318,327,27,372,175,4.44,31.362542673064738
clones/scikit-learn/scikit-learn\sklearn\preprocessing\__init__.py,67,29,56,0,4,7,0.0,100.0
clones/scikit-learn/scikit-learn\sklearn\preprocessing\tests\test_common.py,165,96,123,18,0,24,6.0,59.624776874933595
clones/scikit-learn/scikit-learn\sklearn\preprocessing\tests\test_data.py,2653,1635,1902,248,0,523,3.4411764705882355,0.0
clones/scikit-learn/scikit-learn\sklearn\preprocessing\tests\test_discretization.py,323,189,247,17,0,59,1.736842105263158,45.01929789223395
clones/scikit-learn/scikit-learn\sklearn\preprocessing\tests\test_function_transformer.py,160,71,108,12,0,40,1.7777777777777777,67.27848949301088
clones/scikit-learn/scikit-learn\sklearn\preprocessing\tests\test_label.py,620,366,460,48,0,112,1.962962962962963,38.03134980005719
clones/scikit-learn/scikit-learn\sklearn\preprocessing\tests\__init__.py,0,0,0,0,0,0,0.0,100.0
clones/scikit-learn/scikit-learn\sklearn\semi_supervised\_label_propagation.py,520,156,170,17,237,96,3.2857142857142856,43.995401531948744
clones/scikit-learn/scikit-learn\sklearn\semi_supervised\_self_training.py,344,102,116,12,147,68,3.5555555555555554,52.77607667960739
clones/scikit-learn/scikit-learn\sklearn\semi_supervised\__init__.py,11,4,3,0,6,2,0.0,100.0
clones/scikit-learn/scikit-learn\sklearn\semi_supervised\tests\test_label_propagation.py,205,139,157,11,0,37,2.1818181818181817,47.89052334173985
clones/scikit-learn/scikit-learn\sklearn\semi_supervised\tests\test_self_training.py,320,184,211,34,0,75,2.7222222222222223,46.58982527344401
clones/scikit-learn/scikit-learn\sklearn\semi_supervised\tests\__init__.py,0,0,0,0,0,0,0.0,100.0
clones/scikit-learn/scikit-learn\sklearn\svm\setup.py,109,25,84,15,0,18,2.0,81.53372858220074
clones/scikit-learn/scikit-learn\sklearn\svm\_base.py,995,401,545,70,212,172,3.5789473684210527,31.589851394254154
clones/scikit-learn/scikit-learn\sklearn\svm\_bounds.py,74,24,25,4,31,14,5.0,75.33088350361452
clones/scikit-learn/scikit-learn\sklearn\svm\_classes.py,1456,144,234,9,910,308,1.4193548387096775,9.495859944925181
clones/scikit-learn/scikit-learn\sklearn\svm\__init__.py,24,4,11,6,3,4,0.0,100.0
clones/scikit-learn/scikit-learn\sklearn\svm\tests\test_bounds.py,146,84,97,12,0,33,2.0,60.98209766347757
clones/scikit-learn/scikit-learn\sklearn\svm\tests\test_sparse.py,362,224,251,37,0,74,2.0,48.62246993212802
clones/scikit-learn/scikit-learn\sklearn\svm\tests\test_svm.py,1290,708,863,171,7,261,2.4,25.165963967425256
clones/scikit-learn/scikit-learn\sklearn\svm\tests\__init__.py,0,0,0,0,0,0,0.0,100.0
clones/scikit-learn/scikit-learn\sklearn\tests\test_base.py,574,337,351,52,14,155,2.0303030303030303,38.274052112391324
clones/scikit-learn/scikit-learn\sklearn\tests\test_build.py,32,11,21,3,0,8,4.0,100.0
clones/scikit-learn/scikit-learn\sklearn\tests\test_calibration.py,560,330,379,75,0,101,2.5454545454545454,42.0913782116628
clones/scikit-learn/scikit-learn\sklearn\tests\test_check_build.py,14,5,4,2,3,5,1.0,100.0
clones/scikit-learn/scikit-learn\sklearn\tests\test_common.py,299,128,212,34,3,50,3.0625,53.74587724902565
clones/scikit-learn/scikit-learn\sklearn\tests\test_config.py,74,47,50,6,0,18,8.0,62.48060827965141
clones/scikit-learn/scikit-learn\sklearn\tests\test_discriminant_analysis.py,572,310,374,84,6,109,2.4,43.51146856796107
clones/scikit-learn/scikit-learn\sklearn\tests\test_docstring_parameters.py,267,144,192,36,0,46,14.5,47.08594870066364
clones/scikit-learn/scikit-learn\sklearn\tests\test_dummy.py,766,458,553,38,0,197,1.6521739130434783,30.180243406979507
clones/scikit-learn/scikit-learn\sklearn\tests\test_init.py,19,9,9,5,0,6,2.0,100.0
clones/scikit-learn/scikit-learn\sklearn\tests\test_isotonic.py,615,347,364,76,27,148,2.0256410256410255,43.066259812775726
clones/scikit-learn/scikit-learn\sklearn\tests\test_kernel_approximation.py,323,203,203,54,0,72,2.5,52.31050044239979
clones/scikit-learn/scikit-learn\sklearn\tests\test_kernel_ridge.py,95,62,67,4,0,25,1.1111111111111112,100.0
clones/scikit-learn/scikit-learn\sklearn\tests\test_metaestimators.py,153,96,126,3,0,23,6.666666666666667,47.96626025467055
clones/scikit-learn/scikit-learn\sklearn\tests\test_min_dependencies_readme.py,45,24,26,5,0,13,6.0,78.34789377823759
clones/scikit-learn/scikit-learn\sklearn\tests\test_multiclass.py,848,537,575,102,0,173,2.659090909090909,29.470624677004775
clones/scikit-learn/scikit-learn\sklearn\tests\test_multioutput.py,650,426,443,69,0,142,2.4722222222222223,37.27768205843734
clones/scikit-learn/scikit-learn\sklearn\tests\test_naive_bayes.py,903,499,569,145,4,184,1.972972972972973,37.37169597819243
clones/scikit-learn/scikit-learn\sklearn\tests\test_pipeline.py,1305,767,914,138,7,245,2.5421686746987953,14.414542569532353
clones/scikit-learn/scikit-learn\sklearn\tests\test_random_projection.py,354,187,220,47,0,89,2.857142857142857,46.422096459628605
clones/scikit-learn/scikit-learn\sklearn\tests\__init__.py,0,0,0,0,0,0,0.0,100.0
clones/scikit-learn/scikit-learn\sklearn\tree\setup.py,39,17,33,0,0,6,2.0,64.74521954595191
clones/scikit-learn/scikit-learn\sklearn\tree\_classes.py,1735,342,511,39,863,325,4.16,21.448129220000848
clones/scikit-learn/scikit-learn\sklearn\tree\_export.py,972,419,525,77,201,170,6.478260869565218,30.096183737147015
clones/scikit-learn/scikit-learn\sklearn\tree\_reingold_tilford.py,188,138,141,14,0,33,2.8947368421052633,43.7661497064392
clones/scikit-learn/scikit-learn\sklearn\tree\__init__.py,16,8,10,0,4,2,0.0,100.0
clones/scikit-learn/scikit-learn\sklearn\tree\tests\test_export.py,469,177,356,38,3,72,4.9,43.38776292386843
clones/scikit-learn/scikit-learn\sklearn\tree\tests\test_reingold_tilford.py,52,25,41,6,0,5,7.0,74.75097770510604
clones/scikit-learn/scikit-learn\sklearn\tree\tests\test_tree.py,2116,1181,1442,192,69,414,2.9642857142857144,6.110015887893518
clones/scikit-learn/scikit-learn\sklearn\tree\tests\__init__.py,0,0,0,0,0,0,0.0,100.0
clones/scikit-learn/scikit-learn\sklearn\utils\class_weight.py,181,68,83,11,53,34,12.5,66.25202040603352
clones/scikit-learn/scikit-learn\sklearn\utils\deprecation.py,123,61,59,12,21,29,2.375,73.16256475913337
clones/scikit-learn/scikit-learn\sklearn\utils\estimator_checks.py,3174,1831,2179,343,107,542,5.438775510204081,0.0
clones/scikit-learn/scikit-learn\sklearn\utils\extmath.py,914,262,274,41,422,178,3.7222222222222223,29.903562883620886
clones/scikit-learn/scikit-learn\sklearn\utils\fixes.py,222,96,97,20,62,47,2.6,63.194100183489184
clones/scikit-learn/scikit-learn\sklearn\utils\graph.py,71,25,23,15,30,11,7.0,63.39279868696706
clones/scikit-learn/scikit-learn\sklearn\utils\metaestimators.py,217,105,102,15,58,41,4.2727272727272725,63.32050109997508
clones/scikit-learn/scikit-learn\sklearn\utils\multiclass.py,464,170,183,42,157,90,7.5,43.6453239677456
clones/scikit-learn/scikit-learn\sklearn\utils\optimize.py,257,92,102,18,87,52,4.8,60.00237943327113
clones/scikit-learn/scikit-learn\sklearn\utils\random.py,96,41,53,7,18,18,8.0,76.73635548418198
clones/scikit-learn/scikit-learn\sklearn\utils\setup.py,80,28,58,1,0,21,2.0,67.87562076879486
clones/scikit-learn/scikit-learn\sklearn\utils\sparsefuncs.py,603,241,254,18,199,131,3.909090909090909,44.10995556411382
clones/scikit-learn/scikit-learn\sklearn\utils\stats.py,61,26,28,3,19,11,7.0,81.46175380150761
clones/scikit-learn/scikit-learn\sklearn\utils\validation.py,1399,446,562,77,499,259,8.26923076923077,16.21845717004854
clones/scikit-learn/scikit-learn\sklearn\utils\_arpack.py,30,6,5,0,19,6,1.0,57.921921782276584
clones/scikit-learn/scikit-learn\sklearn\utils\_encode.py,269,134,129,10,74,52,5.636363636363637,57.528496416420246
clones/scikit-learn/scikit-learn\sklearn\utils\_estimator_html_repr.py,311,84,237,7,36,34,4.285714285714286,61.50808284370666
clones/scikit-learn/scikit-learn\sklearn\utils\_joblib.py,19,12,14,2,0,3,0.0,100.0
clones/scikit-learn/scikit-learn\sklearn\utils\_mask.py,54,23,25,4,13,12,3.5,86.6512334626597
clones/scikit-learn/scikit-learn\sklearn\utils\_mocking.py,323,118,116,7,139,61,2.4166666666666665,50.757651620333
clones/scikit-learn/scikit-learn\sklearn\utils\_pprint.py,447,258,271,62,62,53,6.142857142857143,43.13804466099251
clones/scikit-learn/scikit-learn\sklearn\utils\_show_versions.py,94,38,50,1,19,24,2.6666666666666665,88.2450651746607
clones/scikit-learn/scikit-learn\sklearn\utils\_tags.py,67,19,39,0,19,9,5.0,92.43586476028675
clones/scikit-learn/scikit-learn\sklearn\utils\_testing.py,995,468,513,83,220,181,3.326923076923077,28.749262048878585
clones/scikit-learn/scikit-learn\sklearn\utils\__init__.py,1182,418,457,59,469,198,5.032258064516129,24.372983283895614
clones/scikit-learn/scikit-learn\sklearn\utils\tests\conftest.py,10,7,7,1,0,3,1.0,100.0
clones/scikit-learn/scikit-learn\sklearn\utils\tests\test_arpack.py,16,10,10,2,0,4,1.0,99.32441168296602
clones/scikit-learn/scikit-learn\sklearn\utils\tests\test_class_weight.py,266,168,160,56,0,52,1.5454545454545454,58.492443272577184
clones/scikit-learn/scikit-learn\sklearn\utils\tests\test_cython_blas.py,229,152,164,0,0,65,1.1538461538461537,32.43612240047951
clones/scikit-learn/scikit-learn\sklearn\utils\tests\test_deprecation.py,59,34,36,4,0,19,1.8,76.55379176936648
clones/scikit-learn/scikit-learn\sklearn\utils\tests\test_encode.py,208,101,156,11,0,42,2.2222222222222223,57.49042884302032
clones/scikit-learn/scikit-learn\sklearn\utils\tests\test_estimator_checks.py,725,411,508,71,6,142,1.8229166666666667,32.92514433309924
clones/scikit-learn/scikit-learn\sklearn\utils\tests\test_estimator_html_repr.py,267,158,200,15,0,52,5.5,37.79364503649898
clones/scikit-learn/scikit-learn\sklearn\utils\tests\test_extmath.py,811,483,558,94,4,156,2.870967741935484,32.21869683741307
clones/scikit-learn/scikit-learn\sklearn\utils\tests\test_fast_dict.py,31,22,21,1,2,7,5.0,76.1290709921034
clones/scikit-learn/scikit-learn\sklearn\utils\tests\test_fixes.py,91,56,63,10,0,19,4.75,63.15524656188591
clones/scikit-learn/scikit-learn\sklearn\utils\tests\test_metaestimators.py,77,48,47,0,0,23,2.0,48.63801072040106
clones/scikit-learn/scikit-learn\sklearn\utils\tests\test_mocking.py,177,114,133,4,0,40,1.75,48.58125093974233
clones/scikit-learn/scikit-learn\sklearn\utils\tests\test_multiclass.py,439,177,342,30,0,74,4.5,43.02544397919278
clones/scikit-learn/scikit-learn\sklearn\utils\tests\test_murmurhash.py,78,49,53,3,0,22,5.0,54.4791013722925
clones/scikit-learn/scikit-learn\sklearn\utils\tests\test_optimize.py,32,19,21,1,0,10,1.0,80.00472005470739
clones/scikit-learn/scikit-learn\sklearn\utils\tests\test_parallel.py,30,17,19,1,0,10,2.5,74.56409282360299
clones/scikit-learn/scikit-learn\sklearn\utils\tests\test_pprint.py,609,278,468,66,0,91,2.0606060606060606,43.32195006080435
clones/scikit-learn/scikit-learn\sklearn\utils\tests\test_random.py,187,101,114,31,0,44,4.0,61.190807663436225
clones/scikit-learn/scikit-learn\sklearn\utils\tests\test_seq_dataset.py,153,95,111,8,0,34,3.3333333333333335,53.22410222002727
clones/scikit-learn/scikit-learn\sklearn\utils\tests\test_shortest_path.py,95,55,57,8,0,30,2.6666666666666665,65.72922465716282
clones/scikit-learn/scikit-learn\sklearn\utils\tests\test_show_versions.py,37,27,27,0,0,10,5.666666666666667,51.05057946997836
clones/scikit-learn/scikit-learn\sklearn\utils\tests\test_sparsefuncs.py,831,489,678,33,4,116,3.3181818181818183,26.124264420299998
clones/scikit-learn/scikit-learn\sklearn\utils\tests\test_stats.py,89,61,63,6,0,20,2.1666666666666665,63.827612917225146
clones/scikit-learn/scikit-learn\sklearn\utils\tests\test_tags.py,47,17,35,3,0,9,1.4,84.68412748783489
clones/scikit-learn/scikit-learn\sklearn\utils\tests\test_testing.py,711,321,431,28,110,141,2.236842105263158,44.35930999074094
clones/scikit-learn/scikit-learn\sklearn\utils\tests\test_utils.py,695,382,541,32,0,127,2.8974358974358974,25.26086173933803
clones/scikit-learn/scikit-learn\sklearn\utils\tests\test_validation.py,1322,739,965,112,10,235,3.413793103448276,13.492801231362924
clones/scikit-learn/scikit-learn\sklearn\utils\tests\__init__.py,0,0,0,0,0,0,0.0,100.0
clones/scikit-learn/scikit-learn\sklearn\_build_utils\openmp_helpers.py,122,50,77,18,0,25,10.5,67.66940622327049
clones/scikit-learn/scikit-learn\sklearn\_build_utils\pre_build_helpers.py,106,59,67,11,5,21,3.6666666666666665,71.30465712250121
clones/scikit-learn/scikit-learn\sklearn\_build_utils\__init__.py,96,42,47,22,3,22,3.0,80.07723637655995
clones/scikit-learn/scikit-learn\sklearn\_loss\glm_distribution.py,355,108,110,21,152,70,2.5714285714285716,43.415469808153304
clones/scikit-learn/scikit-learn\sklearn\_loss\__init__.py,0,0,0,0,0,0,0.0,100.0
clones/scikit-learn/scikit-learn\sklearn\_loss\tests\test_glm_distribution.py,112,50,87,4,0,18,2.6,59.307423344630145
clones/scikit-learn/scikit-learn\sklearn\_loss\tests\__init__.py,0,0,0,0,0,0,0.0,100.0
clones/scikit-learn/scikit-learn\sklearn\__check_build\setup.py,18,9,11,2,0,5,1.0,96.77582143751788
clones/scikit-learn/scikit-learn\sklearn\__check_build\__init__.py,46,20,33,5,3,6,4.0,83.65176076065208
